SDG_Households_Electricity_Light_Pct,SDG_Households_Kerosene_Gass_Light_Pct,SDG_Households_Drinking_Owned_Faucet_Pct,SDG_Households_Drinking_Shared_Faucet_Pct,SGD_Households_Construction_Material_Concrete_Pct,SGD_Building_Tenure_Type_Owned_Pct,SGD_Type_Building_Single_Pct,SGD_Type_Worker_Man,SGD_Type_Worker_Pro,SGD_Type_Worker_Tec,SGD_Type_Worker_Cle,SGD_Type_Worker_Ser,SGD_Type_Worker_Ski,SGD_Type_Worker_Cra,SGD_Type_Worker_Pla,SGD_Type_Worker_Ele,SGD_Type_Worker_Arm,SGD_less_than_54_sqft,SCH_HS,ratio_hs,SCH_HS_PRIVATE,PSGC_BRGY,cluster
0.8256880733944955,0.1697247706422018,0.1253822629969418,0.0963302752293578,0.2085889570552147,0.3715596330275229,0.9800613496932516,0.0604026845637583,0.0413870246085011,0.0201342281879194,0.029082774049217,0.1286353467561521,0.3176733780760626,0.1096196868008948,0.0917225950782997,0.1420581655480984,0.0559284116331096,0.0242130750605326,1.0,1.0625,0.0,PH150702020,0
0.9071146245059288,0.0928853754940711,0.5276679841897233,0.3596837944664031,0.2154150197628458,0.7233201581027668,0.9604743083003952,0.0471821756225425,0.0655307994757536,0.0222804718217562,0.0353866317169069,0.1245085190039318,0.2870249017038008,0.0524246395806028,0.1258191349934469,0.2254259501965924,0.0144167758846657,0.1492204899777283,1.0,10.423963133640553,0.0,PH150702028,1
0.8535564853556485,0.1464435146443514,0.4435146443514644,0.3974895397489539,0.2522522522522522,0.7698744769874477,0.972972972972973,0.0256410256410256,0.1333333333333333,0.0307692307692307,0.0512820512820512,0.1461538461538461,0.3717948717948718,0.0487179487179487,0.0743589743589743,0.1051282051282051,0.0128205128205128,0.0657276995305164,1.0,3.8933333333333335,0.0,PH150702032,2
0.7661538461538462,0.2338461538461538,0.0215384615384615,0.0,0.1846153846153846,0.5476923076923077,0.9692307692307692,0.019271948608137,0.006423982869379,0.0042826552462526,0.0021413276231263,0.1927194860813704,0.6895074946466809,0.0578158458244111,0.0149892933618843,0.012847965738758,0.0,0.0,1.0,3.7950310559006213,0.0,PH150702039,2
0.8128205128205128,0.1846153846153846,0.0076923076923076,0.0179487179487179,0.1314432989690721,0.7512820512820513,0.9871134020618556,0.0331491712707182,0.0386740331491712,0.007366482504604,0.012891344383057,0.0589318600368324,0.7237569060773481,0.011049723756906,0.0257826887661141,0.0736648250460405,0.0147329650092081,0.0352941176470588,1.0,1.7792207792207793,0.0,PH150702050,0
0.9140811455847256,0.0787589498806682,0.5536992840095465,0.2171837708830549,0.198090692124105,0.0286396181384248,0.9140811455847256,0.0558312655086848,0.0173697270471464,0.0037220843672456,0.0136476426799007,0.1575682382133995,0.5682382133995038,0.0334987593052109,0.0223325062034739,0.1141439205955335,0.0136476426799007,0.0339805825242718,1.0,1.0663716814159292,0.0,PH150703001,0
0.8022598870056498,0.192090395480226,0.2372881355932203,0.1299435028248587,0.135593220338983,0.4293785310734463,0.9774011299435028,0.0419947506561679,0.0446194225721784,0.0341207349081364,0.0341207349081364,0.0944881889763779,0.5091863517060368,0.0472440944881889,0.0288713910761154,0.0603674540682414,0.0944881889763779,0.0,1.0,5.1692307692307695,0.0,PH150703011,2
0.5843520782396088,0.4009779951100244,0.0,0.0,0.024,0.0,0.9973333333333332,0.045816733067729,0.0338645418326693,0.0079681274900398,0.0159362549800796,0.1374501992031872,0.6593625498007968,0.0139442231075697,0.0019920318725099,0.0537848605577689,0.0239043824701195,0.4092409240924092,1.0,0.8458333333333333,0.0,PH150703016,0
0.9381625441696112,0.0565371024734982,0.7915194346289752,0.1448763250883392,0.1307420494699646,0.4522968197879858,0.9275618374558304,0.1091658084449021,0.074150360453141,0.0113285272914521,0.0339855818743563,0.2018537590113285,0.2698249227600412,0.0442842430484037,0.0700308959835221,0.1740473738414006,0.0092687950566426,0.0082304526748971,1.0,3.9338235294117645,0.0,PH150704009,2
0.0132075471698113,0.5056603773584906,0.0018867924528301,0.7264150943396226,0.0492424242424242,0.0075471698113207,0.9412878787878788,0.0525059665871121,0.0071599045346062,0.0095465393794749,0.0071599045346062,0.2494033412887828,0.3651551312649164,0.0190930787589498,0.0226730310262529,0.2673031026252983,0.0,0.0071599045346062,1.0,1.0914454277286136,0.0,PH150705014,0
0.0837988826815642,0.4692737430167598,0.1173184357541899,0.3798882681564245,0.0810055865921787,0.4860335195530726,0.9832402234636872,0.0532544378698224,0.0256410256410256,0.0177514792899408,0.0236686390532544,0.0611439842209073,0.6982248520710059,0.0,0.029585798816568,0.0729783037475345,0.0157790927021696,0.0524691358024691,1.0,1.4230769230769231,0.0,PH150705019,0
0.674863387978142,0.3251366120218579,0.0218579234972677,0.1448087431693989,0.0,0.0601092896174863,0.5437158469945356,0.082,0.036,0.006,0.01,0.114,0.654,0.024,0.038,0.028,0.0,0.0,1.0,2.63,1.0,PH150705022,0
0.0099502487562189,0.4676616915422885,0.3134328358208955,0.6865671641791045,0.0746268656716417,0.5472636815920398,0.9303482587064676,0.0688524590163934,0.0360655737704918,0.0262295081967213,0.0131147540983606,0.1639344262295081,0.4918032786885246,0.0229508196721311,0.0262295081967213,0.1508196721311475,0.0,0.5212765957446809,1.0,1.9145299145299146,0.0,PH150705028,0
0.5011764705882353,0.0941176470588235,0.0776470588235294,0.0117647058823529,0.0143198090692124,0.068235294117647,0.9928400954653938,0.0668896321070234,0.040133779264214,0.0033444816053511,0.0,0.0250836120401337,0.6337792642140468,0.0050167224080267,0.0217391304347826,0.2006688963210702,0.0033444816053511,0.072289156626506,1.0,1.4463276836158192,0.0,PH150706004,0
0.891566265060241,0.1060240963855421,0.6289156626506024,0.0626506024096385,0.2968369829683698,0.9710843373493976,0.902676399026764,0.0925925925925925,0.0291005291005291,0.0013227513227513,0.037037037037037,0.0634920634920634,0.4722222222222222,0.0198412698412698,0.0529100529100529,0.2023809523809523,0.0026455026455026,0.0158311345646438,1.0,2.902439024390244,0.0,PH150706016,0
0.9657534246575342,0.0273972602739726,0.0,0.0136986301369863,0.0068493150684931,1.0,1.0,0.02734375,0.00390625,0.0,0.0,0.0,0.80078125,0.00390625,0.04296875,0.1171875,0.0,0.0163934426229508,1.0,1.9047619047619047,0.0,PH150707010,0
0.6799116997792495,0.3178807947019867,0.0110375275938189,0.1986754966887417,0.0047619047619047,0.0573951434878587,0.9928571428571428,0.0955137481910275,0.0419681620839363,0.0086830680173661,0.0463096960926193,0.0520984081041968,0.3791606367583213,0.0115774240231548,0.2865412445730825,0.0694645441389291,0.0014471780028943,0.0353535353535353,1.0,1.0042372881355932,0.0,PH150707028,0
0.48,0.52,0.0114285714285714,0.0,0.1371428571428571,0.2228571428571428,1.0,0.06266318537859,0.02088772845953,0.0026109660574412,0.0078328981723237,0.2010443864229765,0.6501305483028721,0.0052219321148825,0.04177545691906,0.0078328981723237,0.0,0.0,1.0,1.7475728155339805,0.0,PH150708008,0
0.9014423076923076,0.0817307692307692,0.0408653846153846,0.0192307692307692,0.1173333333333333,0.1153846153846153,0.9946666666666668,0.1089613034623217,0.010183299389002,0.0193482688391038,0.0040733197556008,0.0672097759674134,0.4949083503054989,0.0539714867617108,0.0112016293279022,0.2148676171079429,0.015274949083503,0.2096317280453258,1.0,0.4129032258064516,0.0,PH150710002,0
0.075268817204301,0.913978494623656,0.0053763440860215,0.0,0.0769230769230769,0.6505376344086021,1.0,0.0339506172839506,0.0123456790123456,0.0,0.0030864197530864,0.0401234567901234,0.8395061728395061,0.0030864197530864,0.015432098765432,0.037037037037037,0.0123456790123456,0.0342857142857142,1.0,0.9596774193548387,0.0,PH150710005,0
0.0544354838709677,0.4375,0.0846774193548387,0.002016129032258,0.2076612903225806,0.6350806451612904,1.0,0.1019473081328751,0.0801832760595647,0.0022909507445589,0.0103092783505154,0.0721649484536082,0.6288659793814433,0.0561282932416953,0.0,0.0446735395189003,0.0022909507445589,0.0240963855421686,1.0,0.9318181818181818,0.0,PH150712003,0
0.0133630289532293,0.4164810690423162,0.0,0.0111358574610244,0.0133928571428571,0.0512249443207126,0.9955357142857144,0.0126448893572181,0.0168598524762908,0.0158061116965226,0.0105374077976817,0.1664910432033719,0.726027397260274,0.0410958904109589,0.0021074815595363,0.006322444678609,0.0,0.4672897196261682,1.0,0.6047297297297297,0.0,PH150712009,0
0.0216216216216216,0.0108108108108108,0.0,0.0,0.07,0.0108108108108108,0.97,0.0542797494780793,0.0187891440501043,0.045929018789144,0.0125260960334029,0.0250521920668058,0.5594989561586639,0.0167014613778705,0.0062630480167014,0.2567849686847599,0.0041753653444676,0.0,1.0,0.6722689075630253,0.0,PH150713003,0
0.0163934426229508,0.6327868852459017,0.0,0.0032786885245901,0.0,0.99672131147541,0.9934426229508196,0.0217864923747276,0.008714596949891,0.0,0.0,0.0174291938997821,0.8562091503267973,0.037037037037037,0.0043572984749455,0.0544662309368191,0.0,0.0,1.0,1.0601092896174864,0.0,PH150713008,0
0.9329896907216496,0.0,0.0206185567010309,0.0,0.0292397660818713,0.9536082474226804,1.0,0.2140575079872204,0.134185303514377,0.0063897763578274,0.0095846645367412,0.0415335463258785,0.242811501597444,0.1757188498402556,0.1629392971246006,0.0127795527156549,0.0,0.0067114093959731,1.0,4.527272727272727,0.0,PH153601007,2
0.9877300613496932,0.0061349693251533,0.0,0.0,0.0707964601769911,0.754601226993865,1.0,0.3415492957746479,0.0598591549295774,0.0070422535211267,0.0140845070422535,0.0176056338028169,0.4753521126760563,0.0140845070422535,0.0528169014084507,0.0140845070422535,0.0035211267605633,0.0,1.0,5.734939759036145,0.0,PH153601016,2
0.956896551724138,0.0344827586206896,0.0,0.0,0.0365853658536585,0.6896551724137931,1.0,0.1166666666666666,0.0111111111111111,0.0,0.0055555555555555,0.0111111111111111,0.7777777777777778,0.0166666666666666,0.0444444444444444,0.0055555555555555,0.0,0.0,1.0,5.209302325581396,0.0,PH153601027,2
0.0059171597633136,0.1124260355029585,0.0088757396449704,0.0029585798816568,0.257396449704142,0.3195266272189349,0.955621301775148,0.0867992766726944,0.0470162748643761,0.0090415913200723,0.0144665461121157,0.1012658227848101,0.4520795660036166,0.0108499095840868,0.1428571428571428,0.1338155515370705,0.0018083182640144,0.0,1.0,3.9285714285714284,0.0,PH153602003,2
0.0048076923076923,0.0144230769230769,0.0048076923076923,0.7932692307692307,0.0865384615384615,0.2451923076923076,0.9423076923076924,0.0608465608465608,0.0238095238095238,0.0,0.0,0.0185185185185185,0.6746031746031746,0.0,0.0317460317460317,0.1904761904761904,0.0,0.0,1.0,1.5984251968503937,0.0,PH153602004,0
0.0051546391752577,0.8092783505154639,0.0,0.0,0.0773195876288659,0.0412371134020618,0.9948453608247424,0.0329670329670329,0.0357142857142857,0.0109890109890109,0.0,0.0302197802197802,0.6510989010989011,0.0082417582417582,0.0219780219780219,0.184065934065934,0.0137362637362637,0.0,1.0,2.48,0.0,PH153602008,0
0.0,0.0114942528735632,0.0057471264367816,0.0,0.132183908045977,0.264367816091954,0.9770114942528736,0.0092592592592592,0.0092592592592592,0.0061728395061728,0.0,0.0339506172839506,0.8827160493827161,0.0030864197530864,0.037037037037037,0.0185185185185185,0.0,0.0,1.0,2.8,0.0,PH153602011,0
0.0136986301369863,0.0730593607305936,0.0273972602739726,0.958904109589041,0.0684931506849315,0.1141552511415525,0.9908675799086758,0.150887573964497,0.0325443786982248,0.0029585798816568,0.0059171597633136,0.044378698224852,0.5384615384615384,0.0502958579881656,0.0739644970414201,0.0887573964497041,0.0118343195266272,0.014336917562724,1.0,1.7938144329896908,0.0,PH153602016,0
0.0,0.072072072072072,0.009009009009009,0.009009009009009,0.2980769230769231,0.2522522522522522,0.9903846153846154,0.0129310344827586,0.0086206896551724,0.0,0.0,0.2456896551724137,0.6120689655172413,0.0129310344827586,0.0818965517241379,0.0086206896551724,0.0,0.0,1.0,4.56,0.0,PH153602032,2
0.0,0.0,0.0,0.0,0.0449438202247191,1.0,0.9775280898876404,0.0581395348837209,0.005813953488372,0.0,0.0,0.0174418604651162,0.7093023255813954,0.0,0.005813953488372,0.1860465116279069,0.0,0.0,1.0,4.906976744186046,0.0,PH153602056,2
1.0,0.0,0.0070921985815602,0.0070921985815602,0.7426470588235294,0.9716312056737588,0.3235294117647059,0.1861313868613138,0.1678832116788321,0.1788321167883211,0.0036496350364963,0.0474452554744525,0.2518248175182482,0.0291970802919708,0.0875912408759124,0.0182481751824817,0.0,0.008695652173913,1.0,8.32824427480916,0.0,PH153603047,1
0.0077519379844961,0.0077519379844961,0.0077519379844961,0.0,0.1792452830188679,0.8914728682170543,0.3773584905660377,0.1711711711711711,0.1576576576576576,0.009009009009009,0.0765765765765765,0.0765765765765765,0.2477477477477477,0.09009009009009,0.1126126126126126,0.054054054054054,0.0,0.0,1.0,12.444444444444445,0.0,PH153604024,1
0.0,0.0,0.0,0.0,0.5802469135802469,0.6790123456790124,0.1358024691358024,0.4702380952380952,0.2976190476190476,0.0178571428571428,0.0119047619047619,0.0535714285714285,0.0892857142857142,0.0178571428571428,0.0357142857142857,0.0059523809523809,0.0,0.0113636363636363,1.0,6.5,0.0,PH153604039,2
0.0365853658536585,0.0,0.0,0.0,0.5609756097560976,0.7073170731707317,1.0,0.3741496598639456,0.0816326530612244,0.0,0.0068027210884353,0.0272108843537414,0.2312925170068027,0.0408163265306122,0.1972789115646258,0.0408163265306122,0.0,0.0,1.0,5.622641509433962,0.0,PH153604044,2
0.0,0.0232558139534883,0.0,0.0,0.3478260869565217,0.5581395348837209,0.3540372670807453,0.0869565217391304,0.0474308300395256,0.0830039525691699,0.0079051383399209,0.0632411067193675,0.6047430830039525,0.0039525691699604,0.0830039525691699,0.0197628458498023,0.0,0.0,1.0,4.329545454545454,0.0,PH153605019,2
0.0089285714285714,0.2083333333333333,0.0029761904761904,0.0,0.2352941176470588,1.0,0.4660633484162896,0.2466442953020134,0.0050335570469798,0.0100671140939597,0.0016778523489932,0.1912751677852349,0.3724832214765101,0.0385906040268456,0.0922818791946308,0.035234899328859,0.0,0.0094637223974763,1.0,4.294117647058823,0.0,PH153605025,2
1.0,0.0,0.0,0.0,0.4423076923076923,1.0,0.7115384615384616,0.4516129032258064,0.1182795698924731,0.021505376344086,0.0161290322580645,0.053763440860215,0.1397849462365591,0.0161290322580645,0.0806451612903225,0.1021505376344086,0.0,0.0,1.0,8.413333333333334,0.0,PH153606033,1
1.0,0.0,0.0,0.0,0.4776119402985074,0.95906432748538,0.9850746268656716,0.3809523809523809,0.2351190476190476,0.0238095238095238,0.0386904761904761,0.0595238095238095,0.0892857142857142,0.0297619047619047,0.1309523809523809,0.0029761904761904,0.0089285714285714,0.0,1.0,6.52755905511811,0.0,PH153606041,2
0.970873786407767,0.0072815533980582,0.0097087378640776,0.0097087378640776,0.1885521885521885,0.8907766990291263,0.9865319865319864,0.219573400250941,0.0526976160602258,0.0050188205771643,0.0075282308657465,0.0451693851944793,0.4905897114178168,0.0301129234629861,0.0715181932245922,0.0752823086574654,0.0,0.0,1.0,2.303921568627451,0.0,PH153607044,0
0.9052969502407704,0.0,0.0064205457463884,0.0048154093097913,0.1604477611940298,0.8154093097913323,0.9738805970149254,0.0519630484988452,0.0762124711316397,0.0023094688221709,0.010392609699769,0.069284064665127,0.6986143187066974,0.0057736720554272,0.0623556581986143,0.0115473441108545,0.0,0.003012048192771,1.0,0.6899696048632219,1.0,PH153607052,0
0.0,0.0,0.0,0.0,0.0,0.990990990990991,0.813953488372093,0.1290322580645161,0.1075268817204301,0.021505376344086,0.0,0.032258064516129,0.4462365591397849,0.0053763440860215,0.2473118279569892,0.0,0.0,0.0099009900990099,1.0,5.0,0.0,PH153609002,2
0.010204081632653,0.0408163265306122,0.1020408163265306,0.0204081632653061,0.1063829787234042,0.9897959183673468,0.2553191489361702,0.1739130434782608,0.1304347826086956,0.0054347826086956,0.0326086956521739,0.0543478260869565,0.4347826086956521,0.0,0.1576086956521739,0.0,0.0,0.0,1.0,7.493150684931507,0.0,PH153609011,2
0.0,0.104089219330855,0.0,0.0,0.0670391061452514,0.9962825278810408,0.988826815642458,0.1031390134529148,0.0627802690582959,0.0,0.0201793721973094,0.1143497757847533,0.484304932735426,0.0605381165919282,0.1502242152466367,0.0044843049327354,0.0,0.0,1.0,2.5675675675675675,0.0,PH153609016,0
0.0,0.0,0.0,0.0,0.2427184466019417,1.0,1.0,0.1572052401746725,0.056768558951965,0.0,0.0305676855895196,0.074235807860262,0.5065502183406113,0.0524017467248908,0.074235807860262,0.0436681222707423,0.0,0.0236220472440944,1.0,3.66412213740458,0.0,PH153609030,2
1.0,0.0,0.0185185185185185,0.5555555555555556,0.0508474576271186,1.0,0.9661016949152542,0.1571428571428571,0.0,0.0,0.0,0.0619047619047619,0.6095238095238096,0.0285714285714285,0.1,0.0380952380952381,0.0,0.0,1.0,11.86,0.0,PH153610012,1
0.9923664122137404,0.0076335877862595,0.0305343511450381,0.0,0.1666666666666666,1.0,0.9833333333333332,0.3192488262910798,0.056338028169014,0.0328638497652582,0.0093896713615023,0.0046948356807511,0.4413145539906103,0.0,0.0985915492957746,0.0375586854460093,0.0,0.0,1.0,10.784615384615385,0.0,PH153611055,1
0.995850622406639,0.0,0.0041493775933609,0.0,0.9290322580645162,0.983402489626556,0.1806451612903225,0.2313829787234042,0.0372340425531914,0.0,0.0026595744680851,0.0053191489361702,0.5718085106382979,0.0,0.1170212765957446,0.0,0.0,0.0217391304347826,1.0,2.720647773279352,0.0,PH153611077,0
0.9818181818181818,0.0,0.0818181818181818,0.0636363636363636,0.3092783505154639,0.9727272727272728,0.8762886597938144,0.1745283018867924,0.0754716981132075,0.0235849056603773,0.0235849056603773,0.1273584905660377,0.1792452830188679,0.0518867924528301,0.2028301886792453,0.1037735849056603,0.0094339622641509,0.0769230769230769,1.0,7.3580246913580245,0.0,PH153613015,2
0.0602409638554216,0.0,0.0240963855421686,0.0240963855421686,0.3333333333333333,0.9879518072289156,0.9848484848484848,0.1932367149758454,0.1256038647342995,0.0241545893719806,0.0096618357487922,0.038647342995169,0.4251207729468599,0.0289855072463768,0.0338164251207729,0.1207729468599033,0.0,0.0,1.0,12.982758620689655,0.0,PH153614011,1
0.0212014134275618,0.0459363957597173,0.0954063604240282,0.8869257950530035,0.1141552511415525,0.519434628975265,1.0,0.2457142857142857,0.0328571428571428,0.0,0.0085714285714285,0.0185714285714285,0.6171428571428571,0.0,0.0671428571428571,0.0028571428571428,0.0,0.0,1.0,2.3,0.0,PH153614027,0
0.0,0.0,0.0145772594752186,0.0,0.5181518151815182,0.8250728862973761,0.9306930693069309,0.1943262411347517,0.1787234042553191,0.025531914893617,0.0609929078014184,0.1546099290780141,0.1049645390070922,0.0453900709219858,0.1716312056737588,0.0581560283687943,0.0056737588652482,0.0038022813688212,1.0,3.9130434782608696,0.0,PH153615020,2
0.0,0.0218978102189781,0.0,0.0072992700729927,0.0962962962962963,0.9854014598540146,0.5925925925925926,0.0781893004115226,0.0,0.0,0.0,0.0905349794238683,0.6378600823045267,0.0041152263374485,0.1646090534979424,0.0246913580246913,0.0,0.0,1.0,2.887323943661972,0.0,PH153615023,0
0.0046082949308755,0.3179723502304147,0.0,0.032258064516129,0.2,0.1658986175115207,0.915,0.0725,0.0325,0.0125,0.0125,0.0675,0.4275,0.0,0.185,0.1875,0.0025,0.0,1.0,1.4236111111111112,0.0,PH153615028,0
0.0179640718562874,0.0,0.1197604790419161,0.8802395209580839,0.1168831168831168,0.281437125748503,0.9415584415584416,0.0625,0.0277777777777777,0.0104166666666666,0.0034722222222222,0.0173611111111111,0.2673611111111111,0.0138888888888888,0.1006944444444444,0.4826388888888889,0.0104166666666666,0.0,1.0,3.8807339449541285,0.0,PH153615043,2
0.0066225165562913,0.119205298013245,0.0,0.0,0.1313868613138686,0.0132450331125827,0.927007299270073,0.1362007168458781,0.032258064516129,0.010752688172043,0.0,0.1290322580645161,0.1505376344086021,0.1397849462365591,0.2078853046594982,0.1827956989247312,0.0,0.0095238095238095,1.0,2.7222222222222223,0.0,PH153615044,0
0.0,0.0252100840336134,0.0,0.0,0.0707964601769911,0.9747899159663864,0.9026548672566372,0.02803738317757,0.0093457943925233,0.0,0.0,0.0186915887850467,0.897196261682243,0.0,0.0,0.0467289719626168,0.0,0.0925925925925925,1.0,5.045454545454546,0.0,PH153615047,2
0.0114613180515759,0.0114613180515759,0.0,0.0,0.2522796352583586,0.0114613180515759,0.972644376899696,0.591283863368669,0.0588928150765606,0.0047114252061248,0.03886925795053,0.0859835100117785,0.0683156654888103,0.0212014134275618,0.0694935217903415,0.0459363957597173,0.0141342756183745,0.0030581039755351,2.0,3.484375,0.0,PH153615068,2
0.984375,0.0,0.015625,0.0,0.3228346456692913,0.7265625,0.952755905511811,0.2815126050420168,0.0504201680672268,0.0252100840336134,0.0168067226890756,0.0756302521008403,0.3319327731092437,0.1218487394957983,0.0714285714285714,0.0168067226890756,0.0,0.0,1.0,2.6065573770491803,0.0,PH153616026,0
1.0,0.0,0.0348837209302325,0.0,0.6162790697674418,1.0,0.9534883720930232,0.1777777777777777,0.0833333333333333,0.0,0.0055555555555555,0.05,0.2388888888888889,0.1944444444444444,0.25,0.0,0.0,0.0,1.0,9.777777777777779,0.0,PH153616055,1
1.0,0.0,0.0061728395061728,0.0,0.6604938271604939,1.0,0.9938271604938272,0.0616113744075829,0.1374407582938388,0.0331753554502369,0.0236966824644549,0.0473933649289099,0.5260663507109005,0.0236966824644549,0.1184834123222748,0.0142180094786729,0.0,0.0217391304347826,1.0,10.609375,0.0,PH153616107,1
0.8711656441717791,0.1288343558282208,0.9693251533742332,0.0061349693251533,0.3855421686746988,1.0,1.0,0.4201183431952662,0.0502958579881656,0.0029585798816568,0.0266272189349112,0.0118343195266272,0.3106508875739645,0.0828402366863905,0.0621301775147929,0.0236686390532544,0.0,0.0,1.0,3.401639344262295,0.0,PH153617001,2
0.983739837398374,0.008130081300813,0.048780487804878,0.3333333333333333,0.4246575342465753,0.975609756097561,0.8082191780821918,0.1660377358490566,0.0830188679245283,0.0188679245283018,0.0188679245283018,0.1509433962264151,0.1245283018867924,0.060377358490566,0.1698113207547169,0.1471698113207547,0.0,0.0,1.0,4.032786885245901,0.0,PH153617037,2
0.9623115577889448,0.0025125628140703,0.5628140703517588,0.3819095477386934,0.6886792452830188,0.6482412060301508,0.5157232704402516,0.2404858299595141,0.1101214574898785,0.0161943319838056,0.0461538461538461,0.0582995951417004,0.0064777327935222,0.0299595141700404,0.0712550607287449,0.0267206477732793,0.0016194331983805,0.0,1.0,4.494809688581315,0.0,PH153617048,2
0.994671403197158,0.0017761989342806,0.7886323268206039,0.1438721136767318,0.3663366336633663,0.4706927175843694,0.9108910891089108,0.4883011190233978,0.0661241098677517,0.0111902339776195,0.0111902339776195,0.0874872838250254,0.0315361139369277,0.0508646998982706,0.1586978636826042,0.0590030518819938,0.0,0.0080321285140562,1.0,1.4692737430167597,2.0,PH153617076,0
0.9984496124031008,0.0,0.9953488372093025,0.0046511627906976,0.9626865671641792,0.993798449612403,0.5634328358208955,0.1674718196457326,0.0619967793880837,0.0193236714975845,0.0225442834138486,0.28743961352657,0.1247987117552335,0.0265700483091787,0.2254428341384863,0.0040257648953301,0.0,0.0186666666666666,1.0,0.4661458333333333,0.0,PH153617112,0
0.9953379953379954,0.0,0.0885780885780885,0.0349650349650349,0.4452830188679245,0.8764568764568764,0.9056603773584906,0.2878103837471783,0.010158013544018,0.0,0.0056433408577878,0.028216704288939,0.1659142212189616,0.0699774266365688,0.136568848758465,0.0586907449209932,0.0,0.0246305418719211,1.0,0.9754601226993865,0.0,PH153617125,0
0.912621359223301,0.0048543689320388,0.2378640776699029,0.2087378640776699,0.378839590443686,0.5752427184466019,0.764505119453925,0.3551847437425506,0.067938021454112,0.0202622169249106,0.0381406436233611,0.069129916567342,0.0941597139451728,0.0381406436233611,0.1883194278903456,0.0250297973778307,0.0,0.0136239782016348,1.0,1.5551839464882944,1.0,PH153617131,0
0.825938566552901,0.0716723549488054,0.0273037542662116,0.0580204778156996,0.1843137254901961,0.4846416382252559,0.9254901960784314,0.2289377289377289,0.0769230769230769,0.0146520146520146,0.0641025641025641,0.1904761904761904,0.1263736263736263,0.0677655677655677,0.163003663003663,0.0476190476190476,0.0,0.0901960784313725,1.0,2.0454545454545454,0.0,PH153617143,0
1.0,0.0,0.0,0.0,0.1768707482993197,0.8505154639175257,1.0,0.1925465838509316,0.046583850931677,0.0062111801242236,0.0,0.0217391304347826,0.5714285714285714,0.0062111801242236,0.0807453416149068,0.0590062111801242,0.0,0.0,2.0,12.46218487394958,0.0,PH153618035,1
1.0,0.0,0.0762711864406779,0.0,0.5487804878048781,0.864406779661017,1.0,0.2637362637362637,0.3223443223443223,0.0036630036630036,0.0183150183150183,0.1025641025641025,0.1355311355311355,0.0109890109890109,0.1172161172161172,0.0256410256410256,0.0,0.0,1.0,2.4342105263157894,0.0,PH153618039,0
1.0,0.0,0.0,0.0,0.4782608695652174,1.0,1.0,0.1345291479820627,0.1524663677130044,0.0134529147982062,0.0134529147982062,0.0448430493273542,0.4349775784753363,0.0358744394618834,0.1390134529147982,0.0134529147982062,0.0,0.0,1.0,5.752475247524752,0.0,PH153618040,2
0.9924812030075189,0.0,0.0150375939849624,0.0,0.4215686274509804,0.8571428571428571,0.9803921568627452,0.1381818181818181,0.1563636363636363,0.0218181818181818,0.0145454545454545,0.0909090909090909,0.2545454545454545,0.1127272727272727,0.1054545454545454,0.1018181818181818,0.0036363636363636,0.0,1.0,17.054545454545455,0.0,PH153618053,3
0.9021739130434784,0.0,0.0,0.0,0.4705882352941176,1.0,1.0,0.1388888888888889,0.1388888888888889,0.0055555555555555,0.0,0.0833333333333333,0.5,0.0277777777777777,0.1,0.0,0.0,0.0,1.0,5.402298850574713,0.0,PH153618060,2
1.0,0.0,0.0,0.0068027210884353,0.3247422680412371,0.9013605442176872,1.0,0.0878136200716845,0.060931899641577,0.0161290322580645,0.0161290322580645,0.1702508960573476,0.4874551971326165,0.0053763440860215,0.0555555555555555,0.0967741935483871,0.0,0.0,1.0,1.8611111111111112,0.0,PH153618069,0
0.992156862745098,0.0078431372549019,0.0117647058823529,0.0,0.5659340659340659,0.807843137254902,0.8681318681318682,0.1705607476635514,0.1285046728971962,0.0210280373831775,0.0327102803738317,0.0397196261682243,0.3691588785046729,0.0490654205607476,0.102803738317757,0.0607476635514018,0.0,0.0,1.0,3.0382513661202184,0.0,PH153618089,0
1.0,0.0,0.0,0.0,0.509090909090909,0.5747126436781609,0.6181818181818182,0.34375,0.02734375,0.0234375,0.0,0.1171875,0.33984375,0.06640625,0.03125,0.046875,0.0,0.0,1.0,4.819444444444445,0.0,PH153619006,2
0.976,0.0,0.048,0.728,0.3043478260869565,0.808,1.0,0.2,0.0210526315789473,0.0105263157894736,0.0157894736842105,0.0,0.5210526315789473,0.0684210526315789,0.1368421052631579,0.0105263157894736,0.0,0.0,1.0,8.98936170212766,0.0,PH153619015,1
0.0,0.0,0.0,0.9390243902439024,0.0638297872340425,0.7804878048780488,1.0,0.0307692307692307,0.0076923076923076,0.0,0.023076923076923,0.0,0.8,0.0,0.0076923076923076,0.1307692307692307,0.0,0.0,1.0,8.882352941176471,0.0,PH153620054,1
1.0,0.0,0.0,0.0,0.4435483870967742,0.9193548387096774,1.0,0.1422222222222222,0.0222222222222222,0.0,0.0,0.0666666666666666,0.6133333333333333,0.0266666666666666,0.08,0.0488888888888888,0.0,0.1097560975609756,1.0,9.408602150537634,0.0,PH153621006,1
0.9857142857142858,0.0,0.0,0.0,0.1967213114754098,0.6571428571428571,0.8032786885245902,0.0866141732283464,0.0551181102362204,0.0236220472440944,0.0157480314960629,0.0236220472440944,0.6377952755905512,0.0078740157480314,0.1102362204724409,0.0393700787401574,0.0,0.0196078431372549,1.0,13.95,0.0,PH153621031,1
0.9857954545454546,0.0056818181818181,0.0113636363636363,0.0085227272727272,0.0604026845637583,0.9943181818181818,0.8456375838926175,0.2230215827338129,0.1258992805755395,0.0635491606714628,0.0479616306954436,0.1558752997601918,0.171462829736211,0.0299760191846522,0.1247002398081534,0.0575539568345323,0.0,0.0,1.0,5.352631578947369,0.0,PH153622020,2
0.0,0.0197368421052631,0.0,0.0,0.4482758620689655,0.9802631578947368,1.0,0.1485943775100401,0.0281124497991967,0.0080321285140562,0.0,0.0120481927710843,0.7269076305220884,0.0,0.0602409638554216,0.0040160642570281,0.0,0.0,1.0,2.8735632183908044,0.0,PH153623012,0
0.0058823529411764,0.3235294117647059,0.0,0.0,0.008130081300813,0.7941176470588235,1.0,0.043859649122807,0.0482456140350877,0.0,0.0087719298245614,0.043859649122807,0.8508771929824561,0.0,0.0,0.0,0.0,0.0,1.0,2.9690721649484537,0.0,PH153623013,0
0.0063694267515923,0.0,0.0,0.9872611464968152,1.0,0.9936305732484076,1.0,0.2211538461538461,0.0240384615384615,0.0048076923076923,0.0,0.0,0.5625,0.0528846153846153,0.1346153846153846,0.0,0.0,0.0175438596491228,1.0,3.5,0.0,PH153623033,2
0.0079365079365079,0.1984126984126984,0.0,0.0,0.0786516853932584,0.9682539682539684,1.0,0.0689655172413793,0.0632183908045977,0.0,0.0,0.0114942528735632,0.8045977011494253,0.0057471264367816,0.0172413793103448,0.0,0.0,0.0,2.0,7.1558441558441555,0.0,PH153623037,2
1.0,0.0,0.0,0.0260869565217391,0.6142857142857143,0.982608695652174,0.8285714285714286,0.1875,0.0769230769230769,0.0817307692307692,0.0096153846153846,0.0673076923076923,0.2836538461538461,0.0192307692307692,0.1394230769230769,0.1346153846153846,0.0,0.0,1.0,6.0576923076923075,0.0,PH153624048,2
1.0,0.0,0.0,0.0,0.0416666666666666,1.0,1.0,0.1259259259259259,0.0074074074074074,0.0074074074074074,0.0,0.0444444444444444,0.6222222222222222,0.0148148148148148,0.0222222222222222,0.0814814814814814,0.0,0.6190476190476191,1.0,7.107692307692307,0.0,PH153624064,2
0.9887640449438202,0.0,0.0,0.0,0.2253521126760563,0.8202247191011236,0.6901408450704225,0.3108108108108108,0.0608108108108108,0.0878378378378378,0.0202702702702702,0.081081081081081,0.3513513513513513,0.0405405405405405,0.027027027027027,0.0,0.0,0.0,1.0,3.292682926829268,0.0,PH153624094,2
1.0,0.0,0.0478260869565217,0.3652173913043478,0.3529411764705882,0.9956521739130436,0.9191176470588236,0.2784552845528455,0.040650406504065,0.0,0.0,0.0792682926829268,0.4613821138211382,0.0264227642276422,0.08130081300813,0.032520325203252,0.0,0.5584415584415584,1.0,6.7682926829268295,0.0,PH153625029,2
1.0,0.0,0.0,0.0,0.0,0.7966101694915254,1.0,0.1666666666666666,0.0769230769230769,0.0128205128205128,0.0,0.0512820512820512,0.6025641025641025,0.0,0.0897435897435897,0.0,0.0,0.0,1.0,24.366666666666667,0.0,PH153627011,3
0.0077519379844961,0.0077519379844961,0.0232558139534883,0.0465116279069767,0.0769230769230769,1.0,0.978021978021978,0.3045112781954887,0.1090225563909774,0.0,0.0112781954887218,0.0263157894736842,0.4887218045112781,0.037593984962406,0.0112781954887218,0.0112781954887218,0.0,0.0,1.0,3.789473684210526,0.0,PH153628009,2
0.0112359550561797,0.0112359550561797,0.0,0.0,0.1123595505617977,0.9887640449438202,1.0,0.0279720279720279,0.0,0.0,0.0,0.0419580419580419,0.8881118881118881,0.0069930069930069,0.0,0.0209790209790209,0.0,0.0,1.0,5.86,0.0,PH153628037,2
1.0,0.0,0.0,0.0,0.3416666666666667,0.9948979591836736,0.9833333333333332,0.2389380530973451,0.0825958702064896,0.0029498525073746,0.0,0.0737463126843657,0.1504424778761062,0.3569321533923303,0.0737463126843657,0.0176991150442477,0.0,0.0,1.0,3.0,0.0,PH153629026,0
0.994991652754591,0.003338898163606,0.989983305509182,0.003338898163606,0.6764199655765921,0.8530884808013356,0.8777969018932874,0.1836206896551724,0.0568965517241379,0.0189655172413793,0.0637931034482758,0.2025862068965517,0.1870689655172414,0.0534482758620689,0.0663793103448275,0.1534482758620689,0.0137931034482758,0.0193861066235864,1.0,0.5957446808510638,0.0,PH153630011,0
0.8643006263048016,0.1356993736951983,0.6492693110647182,0.0208768267223382,0.0146750524109014,0.8663883089770354,0.9622641509433962,0.0322147651006711,0.0241610738255033,0.0013422818791946,0.0228187919463087,0.0751677852348993,0.3409395973154362,0.0389261744966442,0.097986577181208,0.3624161073825503,0.0026845637583892,0.6086956521739131,1.0,0.6538461538461539,0.0,PH153630019,0
0.8172043010752689,0.1774193548387097,0.4121863799283154,0.568100358422939,0.1924528301886792,0.589605734767025,0.8584905660377359,0.0768386388583973,0.0296377607025246,0.0076838638858397,0.0208562019758507,0.0987925356750823,0.3534577387486279,0.0274423710208562,0.0845225027442371,0.2952799121844127,0.0054884742041712,0.0130718954248366,1.0,1.2322274881516588,0.0,PH153630021,0
0.9949579831932772,0.0016806722689075,0.8705882352941177,0.1277310924369747,0.2017094017094017,0.5126050420168067,0.9213675213675212,0.0629514963880289,0.0701754385964912,0.0257997936016511,0.0536635706914344,0.1372549019607843,0.2414860681114551,0.0515995872033023,0.1176470588235294,0.2301341589267286,0.0092879256965944,0.1119691119691119,1.0,1.692,0.0,PH153630026,0
0.8864197530864197,0.0962962962962963,0.254320987654321,0.3061728395061728,0.0471464019851116,0.7802469135802469,0.9925558312655088,0.0306965761511216,0.0106257378984651,0.0047225501770956,0.0070838252656434,0.1877213695395513,0.6458087367178277,0.0035419126328217,0.0389610389610389,0.063754427390791,0.0011806375442739,0.0647668393782383,1.0,0.6530612244897959,0.0,PH153630029,0
0.851063829787234,0.0,0.4042553191489361,0.5602836879432624,0.1276595744680851,0.6666666666666666,0.6099290780141844,0.0046296296296296,0.0046296296296296,0.0,0.0092592592592592,0.1064814814814814,0.6018518518518519,0.0092592592592592,0.0,0.25,0.0,0.1686746987951807,1.0,1.369047619047619,0.0,PH153630034,0
0.0,0.0,0.0,0.015267175572519,0.0631578947368421,0.099236641221374,1.0,0.0833333333333333,0.0034722222222222,0.0069444444444444,0.0,0.0694444444444444,0.6736111111111112,0.0104166666666666,0.0381944444444444,0.1145833333333333,0.0,0.0,1.0,2.0840336134453783,0.0,PH153631009,0
0.0,0.01,0.746,0.128,0.2825,0.166,0.985,0.16125,0.03125,0.01,0.02,0.1275,0.45375,0.035,0.0825,0.065,0.005,0.0,1.0,1.876010781671159,0.0,PH153631018,0
0.0,0.0,0.1428571428571428,0.8051948051948052,0.1267605633802817,0.3636363636363636,1.0,0.1502890173410404,0.0115606936416184,0.0,0.0,0.0173410404624277,0.7341040462427746,0.0231213872832369,0.0,0.0462427745664739,0.0,0.0,1.0,5.567901234567901,0.0,PH153631024,2
0.0,0.0,0.5652173913043478,0.233695652173913,0.081967213114754,0.2445652173913043,0.989071038251366,0.0816326530612244,0.0058309037900874,0.0,0.0,0.0408163265306122,0.6326530612244898,0.0087463556851311,0.0349854227405247,0.1865889212827988,0.0058309037900874,0.0,1.0,1.4770114942528736,0.0,PH153631026,0
0.0074626865671641,0.0,0.044776119402985,0.753731343283582,0.0895522388059701,0.4253731343283582,1.0,0.1197604790419161,0.0059880239520958,0.0029940119760479,0.0029940119760479,0.1257485029940119,0.4640718562874251,0.0089820359281437,0.0958083832335329,0.1586826347305389,0.0,0.0,1.0,0.0916030534351145,0.0,PH153631028,0
0.0181818181818181,0.0727272727272727,0.0,0.9212121212121211,0.1530612244897959,0.5454545454545454,0.7653061224489796,0.0503597122302158,0.0251798561151079,0.0035971223021582,0.0,0.0539568345323741,0.658273381294964,0.0107913669064748,0.0215827338129496,0.1762589928057553,0.0,0.0,1.0,4.693333333333333,0.0,PH153632043,2
0.0,0.0,0.0,0.0,0.0053475935828877,0.3177083333333333,1.0,0.0501567398119122,0.0031347962382445,0.006269592476489,0.0,0.018808777429467,0.7836990595611285,0.0,0.006269592476489,0.1316614420062695,0.0,0.0,1.0,3.257142857142857,0.0,PH153632044,2
1.0,0.0,0.0,0.0,0.3484848484848485,1.0,1.0,0.2323943661971831,0.0633802816901408,0.0211267605633802,0.0140845070422535,0.0,0.3661971830985915,0.0140845070422535,0.0985915492957746,0.1901408450704225,0.0,0.0,1.0,11.634615384615385,0.0,PH153633030,1
0.8581081081081081,0.0067567567567567,0.0067567567567567,0.1351351351351351,0.5740740740740741,0.9662162162162162,0.9629629629629628,0.0769230769230769,0.0069930069930069,0.0174825174825174,0.0174825174825174,0.1118881118881118,0.5804195804195804,0.0559440559440559,0.1188811188811188,0.0139860139860139,0.0,0.0,1.0,1.606060606060606,0.0,PH153634006,0
0.8862275449101796,0.0269461077844311,0.0059880239520958,0.0059880239520958,0.3233532934131736,0.8862275449101796,0.9790419161676648,0.1066907775768535,0.0054249547920434,0.0108499095840868,0.1066907775768535,0.0054249547920434,0.7070524412296564,0.0054249547920434,0.0216998191681736,0.0307414104882459,0.0,0.0,1.0,2.918781725888325,0.0,PH153634008,0
0.0049261083743842,0.1133004926108374,0.2955665024630542,0.1477832512315271,0.0197044334975369,0.1625615763546798,1.0,0.0929203539823008,0.0110619469026548,0.0243362831858407,0.079646017699115,0.1283185840707964,0.4314159292035398,0.0243362831858407,0.1039823008849557,0.079646017699115,0.0176991150442477,0.0,1.0,6.251968503937008,0.0,PH153635029,2
0.008,0.0,0.016,0.048,0.168,0.048,1.0,0.1106719367588932,0.0316205533596837,0.0079051383399209,0.0079051383399209,0.0197628458498023,0.6877470355731226,0.0276679841897233,0.0592885375494071,0.0434782608695652,0.0,0.0,2.0,7.034883720930233,0.0,PH153635042,2
1.0,0.0,0.0149253731343283,0.0,0.1176470588235294,0.9776119402985076,0.976470588235294,0.099009900990099,0.0841584158415841,0.0099009900990099,0.0049504950495049,0.0297029702970297,0.7227722772277227,0.0,0.0495049504950495,0.0,0.0,0.0388349514563106,1.0,5.125,0.0,PH153636018,2
0.9464285714285714,0.0464285714285714,0.7607142857142857,0.2071428571428571,0.093984962406015,0.775,0.9661654135338346,0.0684931506849315,0.0342465753424657,0.0102739726027397,0.0291095890410958,0.0770547945205479,0.4503424657534247,0.1181506849315068,0.0753424657534246,0.136986301369863,0.0,0.0,1.0,3.3333333333333335,0.0,PH153637006,2
1.0,0.0,0.0,0.5,0.0,0.7567567567567568,1.0,0.029585798816568,0.0,0.0,0.0,0.0118343195266272,0.9112426035502958,0.0118343195266272,0.0118343195266272,0.0236686390532544,0.0,0.0,1.0,4.098039215686274,0.0,PH153638017,2
0.0,0.1946308724832214,0.2147651006711409,0.785234899328859,0.0888888888888888,0.1140939597315436,1.0,0.0703125,0.04296875,0.0078125,0.0,0.0859375,0.5546875,0.015625,0.04296875,0.15625,0.0234375,0.0,1.0,5.603174603174603,0.0,PH153639001,2
0.0157480314960629,0.0052493438320209,0.1312335958005249,0.3569553805774278,0.0517711171662125,0.0209973753280839,1.0,0.0544217687074829,0.0391156462585034,0.0068027210884353,0.0,0.0561224489795918,0.5901360544217688,0.0034013605442176,0.1224489795918367,0.1139455782312925,0.0,0.0,1.0,1.8867924528301887,0.0,PH153639004,0
0.0121951219512195,0.2317073170731707,0.0121951219512195,0.6016260162601627,0.1054852320675105,0.1056910569105691,1.0,0.039787798408488,0.0159151193633952,0.0053050397877984,0.0079575596816976,0.0159151193633952,0.6843501326259946,0.0,0.0106100795755968,0.2148541114058355,0.0,0.0,1.0,0.12293577981651377,0.0,PH153639007,0
0.0038022813688212,0.026615969581749,0.053231939163498,0.6920152091254753,0.1955555555555555,0.0228136882129277,0.9688888888888888,0.1090425531914893,0.0026595744680851,0.0026595744680851,0.0026595744680851,0.0585106382978723,0.6595744680851063,0.0,0.0132978723404255,0.1356382978723404,0.0132978723404255,0.0,1.0,1.412121212121212,0.0,PH153639011,0
0.0,0.0,0.0,0.0,1.0,1.0,0.9736842105263158,0.0916666666666666,0.0,0.0083333333333333,0.0,0.075,0.6583333333333333,0.0416666666666666,0.0666666666666666,0.025,0.0166666666666666,0.0,1.0,3.5454545454545454,0.0,PH153641007,2
0.9369817578772802,0.033167495854063,0.0364842454394693,0.011608623548922,0.1476510067114094,0.175787728026534,1.0,0.1442672741078208,0.017463933181473,0.0091116173120728,0.0212604403948367,0.20501138952164,0.3804100227790433,0.0402429764616552,0.1009870918754745,0.0782080485952923,0.0,0.0040733197556008,1.0,0.9696132596685083,0.0,PH153801004,0
0.8624708624708625,0.1293706293706293,0.0244755244755244,0.0069930069930069,0.2798594847775175,0.7121212121212122,1.0,0.0219134152859433,0.0320684126135756,0.0299305184393372,0.0448957776590058,0.1373597006948156,0.390700160342063,0.0283270978086584,0.0454302512025654,0.2469267771245323,0.0165686798503474,0.2808798646362098,1.0,1.2392947103274559,1.0,PH153801015,0
0.019448946515397,0.0081037277147487,0.0016207455429497,0.0032414910858995,0.0,0.9951377633711508,0.9692058346839546,0.0353892821031344,0.0242669362992922,0.0020222446916076,0.006066734074823,0.0333670374115267,0.8169868554095046,0.0,0.0303336703741152,0.0495449949443882,0.0020222446916076,0.0016447368421052,1.0,0.7174603174603175,0.0,PH153802008,0
0.6942148760330579,0.2644628099173554,0.0198347107438016,0.0462809917355371,0.0181818181818181,0.4033057851239669,0.9785123966942147,0.0611872146118721,0.0611872146118721,0.0027397260273972,0.0173515981735159,0.0694063926940639,0.582648401826484,0.0118721461187214,0.0776255707762557,0.108675799086758,0.0073059360730593,0.3121212121212121,1.0,0.8982558139534884,0.0,PH153802009,0
0.6599552572706935,0.0693512304250559,0.0111856823266219,0.0984340044742729,0.0536912751677852,0.988814317673378,1.0,0.0068965517241379,0.0206896551724137,0.0013793103448275,0.0055172413793103,0.1186206896551724,0.7655172413793103,0.0041379310344827,0.0234482758620689,0.0510344827586206,0.0027586206896551,0.0671506352087114,1.0,1.1929824561403508,0.0,PH153802011,0
0.8135165451486259,0.0591699383062254,0.0886146943353898,0.0047672462142456,0.1272114574557708,0.5709478407178912,0.9758494804830103,0.0996600951733514,0.042556084296397,0.0168592794017675,0.0225696804894629,0.1651937457511896,0.1907545887151597,0.0439157036029911,0.2040788579197824,0.212780421481985,0.0012236573759347,0.0089738587592664,1.0,0.21082716879623403,4.0,PH153803039,0
0.5163398692810458,0.3006535947712418,0.0,0.0065359477124183,0.2745098039215686,0.6862745098039216,0.9869281045751634,0.0704225352112676,0.0338028169014084,0.0084507042253521,0.0507042253521126,0.0309859154929577,0.5915492957746479,0.0084507042253521,0.0535211267605633,0.1464788732394366,0.0,0.0,1.0,2.94,0.0,PH153805008,0
0.9760765550239234,0.0095693779904306,0.062200956937799,0.0239234449760765,0.3205741626794258,0.6411483253588517,1.0,0.0943820224719101,0.049438202247191,0.0044943820224719,0.0179775280898876,0.0629213483146067,0.4584269662921348,0.0,0.0426966292134831,0.2629213483146067,0.0044943820224719,0.0,1.0,4.241379310344827,0.0,PH153805022,2
0.9600456621004566,0.0353881278538812,0.002283105022831,0.0011415525114155,0.1381278538812785,0.1700913242009132,0.9988584474885844,0.0566714490674318,0.0315638450502152,0.0107604017216642,0.0078909612625538,0.0989956958393113,0.3335724533715925,0.0078909612625538,0.1068866571018651,0.3443328550932568,0.0,0.0136286201022146,1.0,2.977642276422764,0.0,PH153805026,0
0.9767441860465116,0.0126849894291754,0.0126849894291754,0.014799154334038,0.1080508474576271,0.9640591966173362,0.9915254237288136,0.1614844533600802,0.0431293881644934,0.0120361083249749,0.0310932798395185,0.0732196589769308,0.2517552657973921,0.0160481444332999,0.1995987963891675,0.1334002006018054,0.0,0.0028901734104046,1.0,1.346820809248555,1.0,PH153806008,0
0.973565441650548,0.0167633784655061,0.0341715022566086,0.0257898130238555,0.0573823339780786,0.3900709219858156,0.973565441650548,0.0876874148114493,0.0256701499318491,0.0163562017264879,0.0842798727850976,0.2369377555656519,0.1247160381644706,0.0397546569741026,0.1258518855065879,0.046569741026806,0.0006815084052703,0.0515297906602254,1.0,0.5609973285841496,2.0,PH153806034,0
0.8836438923395445,0.1105590062111801,0.5151138716356107,0.1565217391304348,0.3255717255717256,0.4302277432712215,0.99002079002079,0.1042147200671,0.0540993919060599,0.0549381421681694,0.0444537638918012,0.1713147410358565,0.1264416020130006,0.0673097085342839,0.1287481652338016,0.142797232124135,0.0928915915286223,0.0703611457036114,1.0,0.8182807399347116,1.0,PH153807002,0
0.1820987654320987,0.2160493827160493,0.0,0.0030864197530864,0.0062305295950155,0.0277777777777777,1.0,0.0075046904315197,0.0075046904315197,0.0393996247654784,0.0018761726078799,0.0093808630393996,0.8161350844277674,0.0,0.0412757973733583,0.0712945590994371,0.0,0.0031746031746031,1.0,4.615942028985507,0.0,PH153807006,2
0.5163398692810458,0.2810457516339869,0.1503267973856209,0.0457516339869281,0.1176470588235294,0.2222222222222222,1.0,0.0619195046439628,0.0216718266253869,0.0154798761609907,0.0154798761609907,0.0866873065015479,0.4582043343653251,0.0309597523219814,0.0990712074303405,0.1733746130030959,0.0030959752321981,0.3448275862068966,1.0,2.8369565217391304,0.0,PH153807015,0
0.7719298245614035,0.1719298245614035,0.0,0.175438596491228,0.0,0.0175438596491228,0.9929824561403509,0.0358851674641148,0.0023923444976076,0.0023923444976076,0.0119617224880382,0.1196172248803827,0.6578947368421053,0.0095693779904306,0.0598086124401913,0.0478468899521531,0.0,0.0214592274678111,1.0,1.4175257731958764,0.0,PH153807020,0
0.9845559845559846,0.0125482625482625,0.2934362934362934,0.2268339768339768,0.3091085271317829,0.7683397683397684,0.9602713178294574,0.1317964332318399,0.062200956937799,0.0530665506742061,0.0569812962157459,0.1652892561983471,0.1687690300130491,0.0300130491518051,0.2227055241409308,0.0852544584602,0.0056546324488908,0.1758409785932721,1.0,1.205128205128205,0.0,PH153807028,0
0.9975308641975308,0.0024691358024691,0.0,0.0024691358024691,0.0049382716049382,0.091358024691358,1.0,0.0701970443349753,0.0172413793103448,0.0123152709359605,0.0258620689655172,0.0886699507389162,0.2906403940886699,0.0135467980295566,0.1403940886699507,0.0233990147783251,0.0184729064039408,0.525679758308157,1.0,2.9261744966442955,0.0,PH153807035,0
0.970838396111786,0.0182260024301336,0.0534629404617253,0.0352369380315917,0.1761846901579586,0.4349939246658566,0.9781287970838396,0.1040135669869983,0.0226116449971735,0.0079140757490107,0.0209157716223855,0.1091011871113623,0.2990390050876201,0.0423968343697004,0.1950254381006218,0.1967213114754098,0.001695873374788,0.2038961038961039,1.0,2.1783216783216783,0.0,PH153808012,0
0.5709515859766278,0.2070116861435726,0.001669449081803,0.001669449081803,0.0942760942760942,0.2220367278797996,0.9494949494949496,0.0777058279370952,0.0397779833487511,0.0148011100832562,0.0249768732654949,0.0712303422756706,0.6114708603145236,0.0046253469010175,0.1211840888066605,0.0249768732654949,0.005550416281221,0.2059447983014862,1.0,0.6863207547169812,0.0,PH153809003,0
0.4616935483870967,0.3891129032258064,0.4012096774193548,0.1320564516129032,0.0195121951219512,0.935483870967742,0.7036585365853658,0.1240310077519379,0.007235142118863,0.0082687338501291,0.0051679586563307,0.0304909560723514,0.5829457364341085,0.0077519379844961,0.1049095607235142,0.1286821705426356,0.000516795865633,0.2819548872180451,1.0,0.28414442700156983,0.0,PH153809007,0
0.0125588697017268,0.565149136577708,0.0047095761381475,0.0,0.0047244094488188,0.880690737833595,0.988976377952756,0.0195348837209302,0.0176744186046511,0.001860465116279,0.0009302325581395,0.0437209302325581,0.7786046511627907,0.0093023255813953,0.027906976744186,0.0893023255813953,0.0,0.0014992503748125,1.0,0.782716049382716,0.0,PH153810004,0
0.0066755674232309,0.3644859813084112,0.0,0.0066755674232309,0.0013351134846461,0.97196261682243,0.9986648865153538,0.014265335235378,0.0128388017118402,0.0,0.0007132667617689,0.0135520684736091,0.7796005706134094,0.0092724679029957,0.0171184022824536,0.1526390870185449,0.0,0.4463971880492091,1.0,0.7395577395577395,0.0,PH153810010,0
0.0219435736677116,0.4702194357366771,0.006269592476489,0.0109717868338558,0.0360501567398119,0.2946708463949843,1.0,0.032286995515695,0.0125560538116591,0.0017937219730941,0.0017937219730941,0.0134529147982062,0.8278026905829596,0.0017937219730941,0.0251121076233183,0.0807174887892376,0.0,0.4885177453027139,1.0,0.7664835164835165,0.0,PH153810013,0
0.8576555023923444,0.1196172248803827,0.006578947368421,0.0,0.062200956937799,0.6901913875598086,0.9910287081339711,0.0792110206637445,0.0090795241077019,0.0078271759549154,0.0090795241077019,0.1164683782091421,0.3841577958672511,0.0247338760175328,0.2686286787726988,0.097683155917345,0.0003130870381966,0.3177387914230019,1.0,0.8651685393258427,0.0,PH153810021,0
0.906479217603912,0.0608190709046454,0.4177872860635697,0.3548288508557457,0.4608562691131498,0.3887530562347188,0.929051987767584,0.094747177221404,0.0582556046473572,0.0451644575355915,0.0582556046473572,0.2130584192439862,0.1557846506300114,0.0636557028309605,0.1377843233513336,0.1397479954180985,0.0152184585174275,0.2152808988764045,2.0,0.7057704502219404,1.0,PH153811012,0
0.4232804232804232,0.2627865961199294,0.0,0.0,0.019400352733686,0.0141093474426807,0.5502645502645502,0.0505902192242833,0.0151770657672849,0.0042158516020236,0.0016863406408094,0.0919055649241146,0.6618887015177066,0.0118043844856661,0.0016863406408094,0.1205733558178752,0.0,0.007416563658838,1.0,0.9572368421052632,0.0,PH153811014,0
0.8768406961178046,0.0990629183400267,0.0227576974564926,0.1887550200803212,0.1753681392235609,0.0294511378848728,0.8781793842034806,0.0633263743910925,0.0299234516353514,0.0069589422407794,0.0083507306889352,0.2261656228253305,0.3298538622129436,0.0257480862908837,0.1308281141266527,0.1106471816283924,0.0083507306889352,0.0566572237960339,1.0,1.1147540983606556,0.0,PH153811015,0
0.9834558823529412,0.0110294117647058,0.2040441176470588,0.010110294117647,0.5680147058823529,0.1397058823529411,0.9926470588235294,0.091810119979134,0.1100678142931664,0.0479916536254564,0.0255607720396452,0.3688054251434533,0.1194574856546687,0.0511215440792905,0.1027647365675534,0.056338028169014,0.0067814293166405,0.0549338758901322,1.0,0.5891980360065466,0.0,PH153811016,0
0.8984411903637223,0.0453471894189891,0.0033065658951346,0.0127538970240906,0.2800947867298578,0.4600850259801606,0.94739336492891,0.0795755968169761,0.0420322383187104,0.021424199143032,0.0350948785962048,0.1895531524178739,0.0628443174862273,0.0379514384819424,0.0999795960008161,0.0873291165068353,0.0116302795347888,0.0448798988621997,1.0,1.2082728592162555,2.0,PH153811020,0
0.5714285714285714,0.2783882783882784,0.0,0.0,0.0659340659340659,0.1941391941391941,1.0,0.0439367311072056,0.0017574692442882,0.0,0.0017574692442882,0.1511423550087873,0.4850615114235501,0.0175746924428822,0.0826010544815465,0.1985940246045694,0.0,0.116822429906542,1.0,1.096774193548387,0.0,PH153812001,0
0.969939879759519,0.0130260521042084,0.1352705410821643,0.2284569138276553,0.1458333333333333,0.6322645290581163,0.984375,0.0607142857142857,0.0194444444444444,0.0178571428571428,0.0293650793650793,0.1539682539682539,0.1722222222222222,0.0880952380952381,0.1583333333333333,0.2178571428571428,0.0007936507936507,0.2903225806451613,1.0,0.8221884498480243,0.0,PH153812012,0
0.5323383084577115,0.2587064676616915,0.0,0.0,0.0820895522388059,0.4104477611940298,0.9378109452736318,0.0197505197505197,0.0,0.0051975051975051,0.0031185031185031,0.0155925155925155,0.2920997920997921,0.0093555093555093,0.0550935550935551,0.0602910602910602,0.0,0.5246913580246914,1.0,1.5606060606060606,0.0,PH153812038,0
0.8790849673202614,0.0915032679738562,0.4673202614379085,0.2254901960784313,0.1781420765027322,0.1067538126361655,0.8633879781420765,0.0961331901181525,0.0279269602577873,0.0241675617615467,0.0628356605800214,0.2266380236305048,0.1036519871106337,0.1074113856068743,0.158968850698174,0.1310418904403867,0.0048335123523093,0.0087082728592162,1.0,1.3797814207650274,0.0,PH153812042,0
0.8982511923688394,0.081081081081081,0.0206677265500794,0.0174880763116057,0.1987281399046105,0.0620031796502384,0.9745627980922098,0.1475037821482602,0.0264750378214826,0.010590015128593,0.0279878971255673,0.0816944024205748,0.4863842662632375,0.018910741301059,0.077912254160363,0.1164901664145234,0.0015128593040847,0.0,1.0,1.0398126463700235,0.0,PH153813003,0
0.7037037037037037,0.2740740740740741,0.0148148148148148,0.0148148148148148,0.0592592592592592,0.6296296296296297,1.0,0.0210526315789473,0.0368421052631578,0.0,0.0052631578947368,0.1105263157894736,0.5842105263157895,0.0368421052631578,0.1631578947368421,0.0210526315789473,0.0,0.0,1.0,6.757575757575758,0.0,PH153814018,2
0.5503355704697986,0.4138702460850111,0.0,0.0022371364653243,0.116331096196868,0.1319910514541387,1.0,0.0073746312684365,0.0471976401179941,0.0103244837758112,0.0029498525073746,0.0309734513274336,0.775811209439528,0.0073746312684365,0.0147492625368731,0.0929203539823008,0.0103244837758112,0.0156657963446475,1.0,2.322429906542056,0.0,PH153815005,0
0.282258064516129,0.5544354838709677,0.1189516129032258,0.0181451612903225,0.0604838709677419,0.3508064516129032,0.995967741935484,0.0332326283987915,0.0377643504531722,0.0075528700906344,0.0015105740181268,0.0755287009063444,0.7552870090634441,0.0211480362537764,0.0181268882175226,0.0453172205438066,0.0045317220543806,0.2018779342723004,1.0,1.755952380952381,0.0,PH153815006,0
0.2995951417004048,0.2105263157894736,0.5384615384615384,0.0121457489878542,0.048582995951417,0.3198380566801619,0.97165991902834,0.0258620689655172,0.0258620689655172,0.0028735632183908,0.0028735632183908,0.014367816091954,0.7787356321839081,0.0028735632183908,0.028735632183908,0.1178160919540229,0.0,0.0695187165775401,1.0,1.2333333333333334,0.0,PH153815009,0
0.5990510083036773,0.3392645314353499,0.1708185053380783,0.162514827995255,0.1819262782401902,0.6168446026097272,0.9964328180737216,0.0270491803278688,0.051639344262295,0.0270491803278688,0.0196721311475409,0.0639344262295081,0.601639344262295,0.0180327868852459,0.0549180327868852,0.1336065573770491,0.001639344262295,0.067650676506765,1.0,1.284789644012945,0.0,PH153815023,0
0.7595166163141994,0.1770392749244713,0.343202416918429,0.2277945619335347,0.3175182481751825,0.4193353474320241,0.8302919708029197,0.1714185146075325,0.0883491728264695,0.0478704681450193,0.0415346708905315,0.1471312917986624,0.1809222104892643,0.0492784230904611,0.071805702217529,0.1914818725800774,0.0098556846180922,0.0236861584011843,1.0,0.6844380403458213,2.0,PH153815025,0
0.1502145922746781,0.0686695278969957,0.0021459227467811,0.0525751072961373,0.0384193194291986,0.6158798283261803,0.9451152579582875,0.0153203342618384,0.0264623955431754,0.0048746518105849,0.0083565459610027,0.0584958217270195,0.7479108635097493,0.0069637883008356,0.0445682451253481,0.0786908077994429,0.0048746518105849,0.0389610389610389,1.0,0.9098360655737705,0.0,PH153815030,0
0.9886148007590132,0.0056925996204933,0.1650853889943074,0.7893738140417458,0.1482889733840304,0.5426944971537002,1.0,0.0776209677419354,0.0050403225806451,0.0,0.0090725806451612,0.0252016129032258,0.4979838709677419,0.0070564516129032,0.2651209677419355,0.1088709677419354,0.0040322580645161,0.01953125,1.0,0.3381586566299942,0.0,PH153816033,0
0.162134944612286,0.6022155085599195,0.0151057401812688,0.0332326283987915,0.0143737166324435,0.6807653575025177,0.9589322381930184,0.0323353293413173,0.0095808383233532,0.0059880239520958,0.0047904191616766,0.0263473053892215,0.6125748502994012,0.0059880239520958,0.022754491017964,0.274251497005988,0.0017964071856287,0.6597307221542228,1.0,0.5657439446366782,0.0,PH153817001,0
0.1430745814307458,0.6575342465753424,0.0060882800608828,0.0076103500761035,0.0121765601217656,0.3607305936073059,0.9878234398782344,0.0114472608340147,0.0155355682747342,0.0008176614881439,0.0065412919051512,0.0245298446443172,0.6713000817661489,0.0040883074407195,0.0269828291087489,0.2264922322158626,0.0016353229762878,0.0411392405063291,1.0,0.5681818181818182,0.0,PH153817007,0
0.3151010701545779,0.5624256837098692,0.0237812128418549,0.2092746730083234,0.0200501253132832,0.920332936979786,0.9974937343358397,0.0234986945169712,0.0124020887728459,0.0052219321148825,0.0045691906005221,0.0502610966057441,0.4693211488250652,0.0058746736292428,0.0143603133159268,0.4092689295039164,0.0032637075718015,0.0917030567685589,1.0,0.7176165803108808,0.0,PH153817008,0
0.0509304603330068,0.2125367286973555,0.019588638589618,0.3839373163565132,0.0341365461847389,0.5886385896180215,0.998995983935743,0.0271646859083191,0.0113186191284663,0.0028296547821165,0.0039615166949632,0.0073571024335031,0.7170345217883418,0.0033955857385398,0.0016977928692699,0.2246745897000566,0.0005659309564233,0.4713958810068649,1.0,0.37906976744186044,0.0,PH153817009,0
0.3016639828234031,0.4863123993558776,0.0402576489533011,0.2533548040794418,0.0443722943722943,0.6790123456790124,0.9853896103896104,0.0205459348400352,0.032286469034341,0.0190783680657469,0.0199589081303199,0.0325799823891987,0.5755796888758439,0.0143821543880246,0.0496037569709421,0.2318755503375403,0.0038156736131493,0.1168316831683168,1.0,0.6528221512247071,0.0,PH153817010,0
0.1450381679389313,0.3673664122137404,0.0143129770992366,0.0954198473282442,0.090717299578059,0.5849236641221374,0.9841772151898734,0.0917254650416933,0.0179602309172546,0.0109044259140474,0.0083386786401539,0.0705580500320718,0.6600384862091084,0.0057729313662604,0.0301475304682488,0.104554201411161,0.0,0.1241379310344827,1.0,0.20036764705882354,0.0,PH153818001,0
0.130057803468208,0.0982658959537572,0.0,0.0028901734104046,0.05,0.2341040462427745,0.9941176470588236,0.0367775831873905,0.0070052539404553,0.0035026269702276,0.0052539404553415,0.0175131348511383,0.723292469352014,0.0070052539404553,0.0350262697022767,0.148861646234676,0.0,0.0333333333333333,1.0,0.9,0.0,PH153818004,0
0.4591029023746701,0.0,0.467018469656992,0.0343007915567282,0.25,0.920844327176781,1.0,0.0418118466898954,0.0209059233449477,0.0156794425087108,0.0104529616724738,0.0505226480836236,0.6289198606271778,0.0052264808362369,0.0801393728222996,0.1376306620209059,0.0,0.3577981651376147,1.0,0.807843137254902,0.0,PH153818006,0
0.3477508650519031,0.3806228373702422,0.0069204152249134,0.0017301038062283,0.0225694444444444,0.5069204152249135,0.9965277777777778,0.0468483816013628,0.0085178875638841,0.0025553662691652,0.0110732538330494,0.0425894378194207,0.6081771720613288,0.0,0.0502555366269165,0.217206132879046,0.0,0.1483622350674373,1.0,1.4959349593495934,1.0,PH153819001,0
0.0196078431372549,0.1176470588235294,0.0196078431372549,0.4313725490196078,0.0522875816993464,0.457516339869281,1.0,0.0,0.0,0.0,0.0,0.009090909090909,0.9272727272727272,0.0,0.0,0.0636363636363636,0.0,0.0193798449612403,1.0,2.1475409836065573,0.0,PH153819015,0
0.9921052631578948,0.0078947368421052,0.0447368421052631,0.0,0.1026315789473684,0.0105263157894736,1.0,0.0918220946915351,0.0659971305595408,0.0071736011477761,0.018651362984218,0.0516499282639885,0.321377331420373,0.0100430416068866,0.1736011477761836,0.2553802008608321,0.0043041606886657,0.1294117647058823,1.0,1.3553459119496856,0.0,PH153819016,0
0.956656346749226,0.0216718266253869,0.3560371517027864,0.0371517027863777,0.2298136645962732,0.9102167182662538,1.0,0.0093603744149766,0.0436817472698908,0.0109204368174727,0.0140405616224648,0.0561622464898595,0.53198127925117,0.0124804992199688,0.0811232449297972,0.2184087363494539,0.0015600624024961,0.02,1.0,2.0046296296296298,0.0,PH153820007,0
0.842304060434372,0.0292728989612842,0.0661000944287063,0.0028328611898017,0.0245746691871455,0.7790368271954674,0.995274102079395,0.0049504950495049,0.0044004400440044,0.0005500550055005,0.0137513751375137,0.0335533553355335,0.7266226622662266,0.0071507150715071,0.1023102310231023,0.1006600660066006,0.0,0.359375,1.0,0.6518817204301075,0.0,PH153820011,0
0.7559055118110236,0.0314960629921259,0.0078740157480314,0.0,0.0551181102362204,0.9291338582677166,0.9921259842519684,0.0118110236220472,0.0433070866141732,0.0039370078740157,0.0511811023622047,0.0157480314960629,0.7204724409448819,0.0118110236220472,0.0433070866141732,0.0984251968503937,0.0,0.7958115183246073,1.0,2.7653061224489797,0.0,PH153820013,0
0.893048128342246,0.0080213903743315,0.0106951871657754,0.0106951871657754,0.0767123287671232,0.6764705882352942,0.9917808219178084,0.0131752305665349,0.0171277997364953,0.0,0.0039525691699604,0.0434782608695652,0.6073781291172595,0.0065876152832674,0.0843214756258234,0.2134387351778656,0.0,0.2830188679245283,1.0,1.1044776119402986,0.0,PH153820018,0
0.7523255813953489,0.1220930232558139,0.0662790697674418,0.0069767441860465,0.1137162954279015,0.7267441860465116,0.9964830011723328,0.0162548764629388,0.0208062418725617,0.0169050715214564,0.0299089726918075,0.1254876462938881,0.505851755526658,0.0123537061118335,0.0851755526657997,0.1846553966189857,0.0006501950585175,0.0014556040756914,1.0,1.3304157549234135,0.0,PH153822011,0
0.9125214408233276,0.039451114922813,0.0377358490566037,0.0017152658662092,0.2771739130434782,0.7066895368782161,0.907608695652174,0.0414041404140414,0.0153015301530153,0.0153015301530153,0.0153015301530153,0.0378037803780378,0.5517551755175517,0.0072007200720072,0.063006300630063,0.2466246624662466,0.0027002700270027,0.1236842105263157,1.0,0.19772079772079773,0.0,PH153823003,0
0.8283132530120482,0.1415662650602409,0.1897590361445783,0.7590361445783133,0.1716867469879518,0.4006024096385542,0.9728915662650602,0.0109890109890109,0.0131868131868131,0.0043956043956043,0.0,0.0307692307692307,0.4769230769230769,0.0175824175824175,0.1428571428571428,0.2967032967032967,0.0043956043956043,0.0,1.0,1.2181069958847737,0.0,PH153823005,0
0.29607250755287,0.0120845921450151,0.0,0.0030211480362537,0.0030211480362537,0.3172205438066465,0.9758308157099698,0.0017094017094017,0.0205128205128205,0.0017094017094017,0.0068376068376068,0.0119658119658119,0.7623931623931623,0.0017094017094017,0.017094017094017,0.1709401709401709,0.0,0.0033898305084745,1.0,0.9830508474576272,0.0,PH153824009,0
0.8194254445964432,0.0848153214774281,0.0041039671682626,0.0013679890560875,0.2019230769230769,0.4993160054719562,0.9821428571428572,0.0790427846265409,0.0326323422770123,0.0181290790427846,0.0174039158810732,0.0812182741116751,0.4764321972443799,0.0275562001450326,0.1094996374184191,0.1457577955039884,0.0050761421319796,0.1314475873544093,1.0,2.052505966587112,0.0,PH153824011,0
0.9595375722543352,0.0211946050096339,0.0578034682080924,0.0096339113680154,0.2023121387283237,0.603082851637765,0.9421965317919077,0.123789020452099,0.0096878363832077,0.0064585575888051,0.015069967707212,0.116254036598493,0.2421959095801937,0.0430570505920344,0.1442411194833154,0.2992465016146394,0.0,0.0041152263374485,1.0,2.7534722222222223,1.0,PH153825011,0
0.7568438003220612,0.0853462157809984,0.0193236714975845,0.1996779388083736,0.1610305958132045,0.217391304347826,0.9758454106280192,0.1447841726618705,0.0089928057553956,0.0044964028776978,0.0179856115107913,0.1097122302158273,0.3803956834532374,0.039568345323741,0.1546762589928057,0.1357913669064748,0.0008992805755395,0.6096385542168675,1.0,0.9576271186440678,1.0,PH153826013,0
0.9243542435424354,0.011070110701107,0.0129151291512915,0.0977859778597785,0.007125890736342,0.2915129151291513,0.995249406175772,0.0643274853801169,0.0046783625730994,0.0046783625730994,0.0023391812865497,0.0339181286549707,0.6116959064327485,0.0269005847953216,0.1029239766081871,0.1450292397660818,0.0023391812865497,0.3020408163265306,1.0,0.8760330578512396,0.0,PH153827006,0
0.9198218262806236,0.0801781737193764,0.0089086859688195,0.0022271714922048,0.0645879732739421,0.6369710467706013,0.9732739420935412,0.0428100987925356,0.0087815587266739,0.0032930845225027,0.0109769484083424,0.0428100987925356,0.5203073545554336,0.0076838638858397,0.0450054884742041,0.1042810098792535,0.0076838638858397,0.1463414634146341,1.0,1.462809917355372,0.0,PH153828001,0
0.7367149758454107,0.2632850241545894,0.0,0.0,0.0172413793103448,0.966183574879227,0.9113300492610836,0.0117340286831812,0.0169491525423728,0.0078226857887874,0.0091264667535853,0.0664928292046936,0.469361147327249,0.0117340286831812,0.059973924380704,0.1382007822685788,0.0156453715775749,0.3179347826086957,1.0,1.0301724137931034,0.0,PH153828009,0
0.8411458333333334,0.0182291666666666,0.0026041666666666,0.0130208333333333,0.1953125,0.2916666666666667,0.9895833333333334,0.0853242320819112,0.0255972696245733,0.0392491467576791,0.114334470989761,0.1006825938566552,0.5409556313993175,0.0068259385665529,0.0494880546075085,0.0341296928327645,0.0,0.0342679127725856,1.0,0.8208955223880597,0.0,PH153829006,0
0.9501312335958004,0.0,0.0524934383202099,0.0,0.0944881889763779,0.5144356955380578,1.0,0.0527210884353741,0.0119047619047619,0.0136054421768707,0.0935374149659864,0.0952380952380952,0.6139455782312925,0.0153061224489795,0.0561224489795918,0.032312925170068,0.0,0.1020408163265306,1.0,2.1969111969111967,0.0,PH153829010,0
0.0,0.4244372990353697,0.0,0.0,0.0064308681672025,0.112540192926045,0.9421221864951768,0.0157170923379174,0.0117878192534381,0.0,0.0019646365422396,0.0628683693516699,0.768172888015717,0.0039292730844793,0.0,0.1316306483300589,0.0,0.2254098360655737,1.0,1.3076923076923077,0.0,PH153830008,0
0.5777496839443742,0.1061946902654867,0.0126422250316055,0.0037926675094816,0.0783817951959544,0.7610619469026548,0.9936788874841972,0.0794029850746268,0.0017910447761194,0.0011940298507462,0.0023880597014925,0.2322388059701492,0.5498507462686567,0.0005970149253731,0.0322388059701492,0.0913432835820895,0.0,0.0431818181818181,1.0,0.33975240715268223,0.0,PH153832008,0
0.4033613445378151,0.476890756302521,0.0084033613445378,0.0084033613445378,0.042016806722689,0.4411764705882353,0.8823529411764706,0.0303030303030303,0.0086580086580086,0.0021645021645021,0.0248917748917748,0.0714285714285714,0.7554112554112554,0.0238095238095238,0.0248917748917748,0.0551948051948051,0.001082251082251,0.0,1.0,0.04698483166851646,0.0,PH153833007,0
0.8675373134328358,0.085820895522388,0.0055970149253731,0.001865671641791,0.0677966101694915,0.9272388059701492,0.9962335216572504,0.0442203258339798,0.0147401086113266,0.0031031807602792,0.0046547711404189,0.0155159038013964,0.556245151280062,0.0069821567106283,0.0667183863460046,0.2785104732350659,0.008533747090768,0.5977859778597786,1.0,0.5,0.0,PH153834003,0
0.5744336569579288,0.127831715210356,0.0064724919093851,0.4660194174757281,0.0242718446601941,0.0258899676375404,0.9352750809061487,0.0114285714285714,0.0016326530612244,0.0,0.0,0.0293877551020408,0.7951020408163265,0.0310204081632653,0.0440816326530612,0.0857142857142857,0.0,0.1621621621621621,1.0,0.2857142857142857,0.0,PH153835004,0
0.004,0.088,0.0,0.0,0.0,0.468,1.0,0.0122850122850122,0.0196560196560196,0.0,0.0,0.0343980343980344,0.6363636363636364,0.0319410319410319,0.0515970515970515,0.1474201474201474,0.0,0.0276497695852534,1.0,2.1404958677685952,0.0,PH153837003,0
0.0096551724137931,0.2813793103448276,0.0041379310344827,0.016551724137931,0.0084269662921348,0.7820689655172414,0.976123595505618,0.0211267605633802,0.0140845070422535,0.0007824726134585,0.0086071987480438,0.2347417840375587,0.5594679186228482,0.0211267605633802,0.0594679186228482,0.0618153364632237,0.0,0.248780487804878,1.0,0.8647619047619047,0.0,PH156601003,0
0.0,0.9307692307692308,0.0,0.0,0.0115384615384615,0.0615384615384615,0.9807692307692308,0.028735632183908,0.0316091954022988,0.0086206896551724,0.0,0.028735632183908,0.6206896551724138,0.0086206896551724,0.1149425287356321,0.1580459770114942,0.0,0.0,1.0,1.4149659863945578,0.0,PH156601019,0
0.0179487179487179,0.8743589743589744,0.0025641025641025,0.1743589743589743,0.0102564102564102,0.941025641025641,0.9871794871794872,0.0876095118898623,0.0125156445556946,0.0050062578222778,0.0075093867334167,0.2227784730913642,0.3041301627033792,0.0926157697121401,0.1702127659574468,0.0951188986232791,0.0012515644555694,0.136,1.0,1.4263157894736842,0.0,PH156601025,0
0.461756373937677,0.5311614730878187,0.0283286118980169,0.0070821529745042,0.0739687055476529,0.4971671388101983,0.9886201991465148,0.0567536889897843,0.0374574347332576,0.0056753688989784,0.0368898978433598,0.1214528944381384,0.4772985244040862,0.0266742338251986,0.1095346197502837,0.11577752553916,0.0022701475595913,0.012718600953895,1.0,0.7045045045045045,0.0,PH156601031,0
0.968407479045777,0.019987105093488,0.3346228239845261,0.4532559638942617,0.2217194570135746,0.6421663442940039,0.832579185520362,0.0997132844855049,0.1159604969735584,0.038865880853775,0.0557502389295954,0.3542529467983434,0.0433258999681427,0.0560688117234788,0.1459063395985982,0.0777317617075501,0.0086014654348518,0.009441384736428,1.0,2.1133746678476526,1.0,PH156602001,0
0.8783222591362126,0.0863787375415282,0.4082225913621262,0.2454318936877076,0.192821368948247,0.6503322259136213,0.9565943238731218,0.0872637005919419,0.1514225701737636,0.0643498185984342,0.0689325949971357,0.2812679014703074,0.0305518426580103,0.0612946343326331,0.1615428680542295,0.0796257399274393,0.0032461332824135,0.0294376098418277,1.0,1.3784615384615384,0.0,PH156602007,0
0.7986279257465698,0.1585956416464891,0.1811945117029862,0.7300242130750605,0.1616370400992145,0.7445520581113801,0.9801570897064904,0.0819905213270142,0.0954976303317535,0.0350710900473933,0.0376777251184834,0.2417061611374407,0.1372037914691943,0.0582938388625592,0.2059241706161137,0.1004739336492891,0.0059241706161137,0.2249253094323516,1.0,0.7231638418079096,0.0,PH156602009,0
0.011265164644714,0.3370883882149046,0.0008665511265164,0.0017331022530329,0.0121317157712305,0.6984402079722704,0.9930675909878682,0.029789419619928,0.0092449922958397,0.0092449922958397,0.0035952747817154,0.0416024653312788,0.7473035439137135,0.0287621982537236,0.0318438623523369,0.0780688238315357,0.0,0.0052015604681404,1.0,0.3251599147121535,0.0,PH156603012,0
0.0070210631895687,0.1364092276830491,0.0,0.0030090270812437,0.0050403225806451,0.9699097291875628,0.9838709677419356,0.0022358859698155,0.004471771939631,0.0083845723868082,0.0050307434320849,0.116266070430408,0.6886528787031861,0.0503074343208496,0.0458356623812185,0.0743432084963666,0.0005589714924538,0.0010695187165775,1.0,0.1375770020533881,0.0,PH156603013,0
0.0028490028490028,0.2393162393162393,0.2962962962962963,0.0626780626780626,0.0032679738562091,0.8233618233618234,0.9803921568627452,0.0227642276422764,0.0016260162601626,0.0032520325203252,0.0032520325203252,0.2195121951219512,0.5300813008130081,0.0016260162601626,0.0130081300813008,0.1788617886178861,0.0,0.0251798561151079,1.0,4.045871559633028,0.0,PH156604024,2
0.0364238410596026,0.2947019867549669,0.0066225165562913,0.0066225165562913,0.0067796610169491,0.956953642384106,0.9,0.1027340513670256,0.0422535211267605,0.0049710024855012,0.0099420049710024,0.2551781275890638,0.492129246064623,0.024026512013256,0.0265120132560066,0.0356255178127589,0.0008285004142502,0.035593220338983,1.0,1.2023809523809523,0.0,PH156605012,0
0.9239373601789708,0.0425055928411633,0.0022371364653243,0.2841163310961969,0.0022371364653243,0.9664429530201344,0.9977628635346756,0.043859649122807,0.0491228070175438,0.0614035087719298,0.0122807017543859,0.3175438596491228,0.4122807017543859,0.043859649122807,0.0526315789473684,0.0052631578947368,0.0017543859649122,0.0411764705882352,1.0,4.108808290155441,0.0,PH156605017,2
0.0091743119266055,0.6422018348623854,0.0,0.0948012232415902,0.0152905198776758,0.6024464831804281,1.0,0.0457433290978398,0.0279542566709021,0.0050825921219822,0.0114358322744599,0.0559085133418043,0.7662007623888183,0.0088945362134688,0.0025412960609911,0.0724269377382465,0.0025412960609911,0.3188854489164087,1.0,0.26804123711340205,0.0,PH156606012,0
0.0728476821192053,0.8609271523178808,0.0,0.9536423841059604,0.0714285714285714,0.9933774834437086,1.0,0.0896551724137931,0.0482758620689655,0.0172413793103448,0.0103448275862068,0.0689655172413793,0.603448275862069,0.0137931034482758,0.0586206896551724,0.0896551724137931,0.0,0.0,1.0,1.5702479338842976,0.0,PH156607028,0
0.0198300283286118,0.0198300283286118,0.0169971671388102,0.0,0.0169491525423728,1.0,1.0,0.0158959537572254,0.0115606936416184,0.0028901734104046,0.0,0.1372832369942196,0.4508670520231214,0.0158959537572254,0.0534682080924855,0.3121387283236994,0.0,0.0030211480362537,1.0,1.5842696629213484,0.0,PH156607034,0
0.013503909026297,0.7484008528784648,0.0234541577825159,0.1002132196162046,0.0106913756236635,0.0597014925373134,0.6493228795438346,0.033590308370044,0.0066079295154185,0.0027533039647577,0.0022026431718061,0.1112334801762114,0.7709251101321586,0.0104625550660792,0.0308370044052863,0.0214757709251101,0.0005506607929515,0.0052083333333333,1.0,0.14988814317673377,0.0,PH156607036,0
0.0,0.1909090909090909,0.009090909090909,0.0045454545454545,0.0047169811320754,0.95,1.0,0.0551181102362204,0.0656167979002624,0.0341207349081364,0.0393700787401574,0.0551181102362204,0.5380577427821522,0.0026246719160104,0.1102362204724409,0.0997375328083989,0.0,0.0,1.0,1.378787878787879,0.0,PH156607037,0
0.0228310502283105,0.3424657534246575,0.0121765601217656,0.0076103500761035,0.037828947368421,0.5266362252663622,0.9884868421052632,0.0191387559808612,0.034688995215311,0.0035885167464114,0.0095693779904306,0.0598086124401913,0.7559808612440191,0.0394736842105263,0.0119617224880382,0.0657894736842105,0.0,0.0189655172413793,1.0,2.1761006289308176,0.0,PH156608009,0
0.203601108033241,0.1038781163434903,0.0263157894736842,0.2396121883656509,0.1260387811634349,0.8670360110803325,0.9833795013850416,0.0982404692082111,0.0615835777126099,0.0366568914956011,0.0109970674486803,0.1019061583577712,0.4318181818181818,0.0351906158357771,0.032258064516129,0.1590909090909091,0.002199413489736,0.0111576011157601,1.0,1.8206039076376554,0.0,PH156608013,0
0.0186567164179104,0.9067164179104478,0.0,0.8656716417910447,0.036734693877551,0.996268656716418,0.9306122448979592,0.0372208436724565,0.0297766749379652,0.0024813895781637,0.0198511166253101,0.0719602977667493,0.6947890818858561,0.0223325062034739,0.0446650124069478,0.0769230769230769,0.0,0.0,1.0,5.734848484848484,0.0,PH156609030,2
0.057057057057057,0.5795795795795796,0.0,0.018018018018018,0.0,0.9669669669669668,0.6534954407294833,0.0759219088937093,0.0151843817787418,0.0021691973969631,0.0065075921908893,0.1388286334056399,0.561822125813449,0.0,0.0281995661605206,0.1648590021691974,0.0065075921908893,0.0,1.0,1.8782051282051282,0.0,PH156609038,0
0.0193798449612403,0.003875968992248,0.003875968992248,0.0,0.0,1.0,0.992248062015504,0.0227272727272727,0.0025252525252525,0.0,0.0025252525252525,0.005050505050505,0.9570707070707072,0.0025252525252525,0.0,0.0075757575757575,0.0,0.0204081632653061,1.0,1.2222222222222223,0.0,PH156610007,0
0.9272388059701492,0.0111940298507462,0.0279850746268656,0.3488805970149253,0.1111111111111111,0.4141791044776119,0.992467043314501,0.0366108786610878,0.0617154811715481,0.00418410041841,0.0564853556485355,0.2824267782426778,0.2384937238493724,0.0491631799163179,0.1715481171548117,0.0815899581589958,0.0167364016736401,0.1946050096339113,1.0,9.028938906752412,0.0,PH156611003,1
0.01171875,0.3203125,0.00390625,0.00390625,0.0157480314960629,0.98046875,0.9960629921259844,0.078095238095238,0.0095238095238095,0.0076190476190476,0.0133333333333333,0.0533333333333333,0.6895238095238095,0.04,0.0495238095238095,0.0438095238095238,0.0,0.0,1.0,0.577639751552795,0.0,PH156611007,0
0.8220064724919094,0.0550161812297734,0.1067961165048543,0.4110032362459547,0.0133333333333333,0.7928802588996764,0.96,0.0363321799307958,0.0328719723183391,0.0086505190311418,0.0086505190311418,0.1885813148788927,0.4913494809688581,0.0138408304498269,0.1089965397923875,0.1107266435986159,0.0,0.0068728522336769,1.0,4.510309278350515,0.0,PH156611023,2
0.9743589743589745,0.0146520146520146,0.0146520146520146,0.9065934065934066,0.0018348623853211,0.7912087912087912,0.9706422018348624,0.1319845857418111,0.0645472061657032,0.0529865125240847,0.0211946050096339,0.140655105973025,0.2177263969171483,0.0674373795761079,0.0202312138728323,0.2678227360308285,0.0,0.0018181818181818,1.0,1.1719745222929936,0.0,PH156612069,0
0.0786713286713286,0.5559440559440559,0.0017482517482517,0.0681818181818181,0.0192307692307692,0.9475524475524476,0.9965034965034965,0.0263888888888888,0.0166666666666666,0.0,0.0,0.0597222222222222,0.8055555555555556,0.0,0.0,0.0916666666666666,0.0,0.0,1.0,2.7398373983739837,0.0,PH156612072,0
0.9906367041198502,0.0056179775280898,0.8014981273408239,0.1666666666666666,0.0711610486891385,0.2078651685393258,0.9082397003745318,0.0723981900452488,0.005656108597285,0.0,0.001131221719457,0.1029411764705882,0.4095022624434389,0.0248868778280542,0.1640271493212669,0.2070135746606334,0.0,0.0029850746268656,1.0,1.3949579831932772,0.0,PH156613004,0
0.078125,0.265625,0.00390625,0.05859375,0.0,0.96484375,0.81640625,0.0060790273556231,0.0030395136778115,0.0,0.0060790273556231,0.0273556231003039,0.7781155015197568,0.0060790273556231,0.0851063829787234,0.0881458966565349,0.0,0.0121457489878542,1.0,1.7286821705426356,0.0,PH156613045,0
0.2287822878228782,0.003690036900369,0.007380073800738,0.1918819188191882,0.011070110701107,0.974169741697417,0.985239852398524,0.0642857142857142,0.0,0.0017857142857142,0.0053571428571428,0.0285714285714285,0.6321428571428571,0.0071428571428571,0.0303571428571428,0.2196428571428571,0.0,0.0039840637450199,1.0,0.5117647058823529,0.0,PH156613048,0
0.0237467018469656,0.3324538258575198,0.0,0.0184696569920844,0.0026385224274406,0.6094986807387863,1.0,0.0478359908883826,0.0125284738041002,0.0,0.0,0.030751708428246,0.8291571753986332,0.0022779043280182,0.0068337129840546,0.0580865603644646,0.0,0.0,1.0,1.2654545454545454,0.0,PH156614014,0
0.0180032733224222,0.0098199672667757,0.0098199672667757,0.0,0.0098846787479406,0.9852700490998364,0.9884678747940692,0.002283105022831,0.0045662100456621,0.0011415525114155,0.0102739726027397,0.0878995433789954,0.7659817351598174,0.0057077625570776,0.0057077625570776,0.1164383561643835,0.0,0.016822429906542,1.0,0.6005917159763313,0.0,PH156615004,0
0.0277777777777777,0.0079365079365079,0.0,0.0,0.0425531914893617,1.0,0.9829787234042552,0.0361990950226244,0.0113122171945701,0.004524886877828,0.0,0.17420814479638,0.751131221719457,0.004524886877828,0.0,0.0090497737556561,0.0,0.1755102040816326,1.0,0.9419354838709677,0.0,PH156615006,0
0.3678606001936108,0.2768635043562439,0.0,0.0,0.0049751243781094,0.3920619554695063,0.982089552238806,0.0712264150943396,0.0391509433962264,0.0122641509433962,0.0169811320754716,0.0910377358490566,0.5849056603773585,0.0504716981132075,0.035377358490566,0.0976415094339622,0.0,0.0058309037900874,1.0,0.2761904761904762,0.0,PH156616007,0
0.0111111111111111,0.1962962962962963,0.0481481481481481,0.0,0.0333333333333333,1.0,0.9814814814814816,0.0954356846473029,0.0954356846473029,0.0082987551867219,0.0020746887966804,0.2157676348547718,0.4170124481327801,0.0373443983402489,0.0497925311203319,0.0767634854771784,0.0,0.0,1.0,0.9704433497536946,0.0,PH156616008,0
0.0082644628099173,0.1074380165289256,0.0,0.0,0.0330578512396694,0.4214876033057851,0.9834710743801652,0.096045197740113,0.135593220338983,0.0112994350282485,0.0056497175141242,0.0338983050847457,0.6497175141242938,0.0056497175141242,0.0056497175141242,0.0564971751412429,0.0,0.0924369747899159,1.0,6.315789473684211,0.0,PH156617011,2
0.0341463414634146,0.526829268292683,0.0,0.0357723577235772,0.0065040650406504,0.7300813008130081,0.8455284552845529,0.0659264399722415,0.0083275503122831,0.0097154753643303,0.015267175572519,0.1686328938237335,0.5995836224843858,0.0194309507286606,0.0194309507286606,0.0936849410131853,0.0,0.0,1.0,0.7237569060773481,0.0,PH156618009,0
0.0063119927862939,0.3038773669972948,0.0,0.0,0.0018050541516245,0.0775473399458972,0.9792418772563176,0.047592385218365,0.0039193729003359,0.0,0.0011198208286674,0.047592385218365,0.7586786114221724,0.0022396416573348,0.0016797312430011,0.1248600223964165,0.0,0.0,1.0,0.676056338028169,0.0,PH156619003,0
0.0425219941348973,0.5894428152492669,0.0,0.032258064516129,0.002932551319648,0.9633431085043987,1.0,0.0237704918032786,0.0155737704918032,0.0147540983606557,0.0049180327868852,0.0934426229508196,0.6795081967213115,0.0122950819672131,0.0286885245901639,0.1270491803278688,0.0,0.0,1.0,0.3125,0.0,PH156619006,0
0.0063532401524777,0.133418043202033,0.0114358322744599,0.0101651842439644,0.0014265335235378,0.949174078780178,0.9757489300998572,0.019563581640331,0.0421369450714823,0.00150489089541,0.0127915726109857,0.0579382994732881,0.7885628291948834,0.0210684725357411,0.0,0.054928517682468,0.0,0.0126050420168067,1.0,0.41320754716981134,0.0,PH157001001,0
0.6358381502890174,0.0366088631984585,0.0423892100192678,0.0,0.1078998073217726,0.7225433526011561,0.9884393063583816,0.0552721088435374,0.2372448979591837,0.0119047619047619,0.0671768707482993,0.1590136054421768,0.3095238095238095,0.0586734693877551,0.0238095238095238,0.0561224489795918,0.0204081632653061,0.2947103274559194,1.0,2.3127035830618894,0.0,PH157001002,0
0.0291970802919708,0.6970802919708029,0.010948905109489,0.0401459854014598,0.0036764705882352,0.7116788321167883,0.9705882352941176,0.0449438202247191,0.1325842696629213,0.096629213483146,0.0516853932584269,0.0449438202247191,0.4786516853932584,0.0224719101123595,0.0898876404494382,0.0202247191011235,0.0179775280898876,0.0,1.0,2.8181818181818183,0.0,PH157002022,0
0.6262295081967213,0.0131147540983606,0.0918032786885245,0.0065573770491803,0.0559210526315789,0.1967213114754098,0.993421052631579,0.0428893905191873,0.0383747178329571,0.0180586907449209,0.0090293453724604,0.0948081264108352,0.4266365688487584,0.1151241534988713,0.1331828442437923,0.1196388261851015,0.0022573363431151,0.1651785714285714,1.0,1.394904458598726,0.0,PH157002023,0
0.9559867486985328,0.0298154283009938,0.358731661145291,0.2304779933743492,0.2314674735249622,0.5404637955513488,0.7887039838628341,0.0903550609432962,0.104398516163222,0.0527291997880233,0.0479597244303126,0.2808691043985161,0.0847906730259671,0.0641229464758876,0.0771065182829888,0.1939586645468998,0.0034446210916799,0.013271783035199,2.0,2.31969111969112,3.0,PH157002027,0
0.9447236180904522,0.0150753768844221,0.0737018425460636,0.1155778894472361,0.1876046901172529,0.9095477386934674,0.9597989949748744,0.0968421052631579,0.1757894736842105,0.051578947368421,0.0357894736842105,0.1705263157894737,0.2105263157894736,0.0252631578947368,0.1336842105263158,0.0694736842105263,0.0189473684210526,0.0,1.0,0.4372093023255814,0.0,PH157002030,0
0.9969088098918084,0.0,0.0139103554868624,0.0015455950540958,0.2101063829787234,0.9891808346213292,0.9893617021276596,0.0652173913043478,0.0745341614906832,0.005175983436853,0.0041407867494824,0.0600414078674948,0.5755693581780539,0.0269151138716356,0.041407867494824,0.1366459627329192,0.0010351966873706,0.075046904315197,1.0,0.16816816816816818,0.0,PH157004002,0
1.0,0.0,0.0094936708860759,0.0,0.8018018018018018,0.9936708860759492,1.0,0.1023489932885906,0.1879194630872483,0.0520134228187919,0.0369127516778523,0.0536912751677852,0.2449664429530201,0.0587248322147651,0.098993288590604,0.1644295302013423,0.0,0.0769230769230769,1.0,1.0861423220973783,0.0,PH157004003,0
0.975206611570248,0.0165289256198347,0.0198347107438016,0.0,0.1082474226804123,0.4115702479338843,0.9192439862542956,0.0126689189189189,0.0320945945945945,0.0253378378378378,0.0177364864864864,0.1241554054054054,0.6807432432432432,0.054054054054054,0.0092905405405405,0.0422297297297297,0.0016891891891891,0.172211350293542,1.0,0.9487179487179487,0.0,PH157004006,0
0.0381355932203389,0.0056497175141242,0.0,0.0,0.0424328147100424,0.8305084745762712,0.9985855728429984,0.0665543386689132,0.0286436394271272,0.0303285593934288,0.0092670598146588,0.1979780960404381,0.6183656276326874,0.0143218197135636,0.0050547598989048,0.029486099410278,0.0,0.0523952095808383,1.0,0.15254237288135594,1.0,PH157005004,0
0.0163776493256262,0.2129094412331406,0.0086705202312138,0.0,0.0115606936416184,0.6917148362235067,0.9922928709055876,0.0189516129032258,0.007258064516129,0.0052419354838709,0.0028225806451612,0.0266129032258064,0.9221774193548388,0.0008064516129032,0.0024193548387096,0.0048387096774193,0.0004032258064516,0.011379800853485,1.0,0.534804753820034,0.0,PH157005025,0
0.0863309352517985,0.7446043165467626,0.0,0.0179856115107913,0.0219780219780219,0.9892086330935252,1.0,0.0552147239263803,0.0368098159509202,0.0061349693251533,0.00920245398773,0.0214723926380368,0.8343558282208589,0.0061349693251533,0.0,0.0061349693251533,0.0,0.0,1.0,1.3555555555555556,0.0,PH157007030,0
0.8459119496855346,0.1194968553459119,0.0345911949685534,0.9308176100628932,0.0550161812297734,1.0,0.919093851132686,0.0572337042925278,0.0747217806041335,0.0286168521462639,0.0254372019077901,0.0604133545310015,0.6534181240063593,0.0445151033386327,0.0143084260731319,0.0349761526232114,0.0,0.0839160839160839,1.0,2.981366459627329,0.0,PH157007043,0
0.943327239488117,0.036563071297989,0.0073126142595978,0.0,0.0438756855575868,0.3290676416819013,0.9963436928702012,0.1224489795918367,0.0178571428571428,0.0025510204081632,0.0144557823129251,0.070578231292517,0.6386054421768708,0.0195578231292517,0.0136054421768707,0.1003401360544217,0.0,0.0071428571428571,1.0,0.7269503546099291,0.0,PH157008001,0
0.0,0.1077441077441077,0.0,0.0269360269360269,0.0150753768844221,0.6094276094276094,1.0,0.055813953488372,0.0627906976744186,0.0069767441860465,0.0116279069767441,0.0767441860465116,0.7395348837209302,0.0116279069767441,0.0069767441860465,0.027906976744186,0.0,0.0,1.0,2.3008849557522124,0.0,PH157009017,0
0.0071428571428571,0.0142857142857142,0.0,0.0,0.0,0.4178571428571428,0.9884169884169884,0.0385356454720616,0.0231213872832369,0.0057803468208092,0.0038535645472061,0.094412331406551,0.8285163776493256,0.0,0.001926782273603,0.0038535645472061,0.0,0.2832369942196532,1.0,0.9133333333333333,0.0,PH157009020,0
0.0074946466809421,0.7494646680942184,0.0032119914346895,0.0,0.0289389067524115,0.8907922912205567,0.8928188638799571,0.0318471337579617,0.0771408351026185,0.0212314225053078,0.0049539985845718,0.0912951167728237,0.721868365180467,0.0155697098372257,0.002830856334041,0.0311394196744515,0.0021231422505307,0.0264367816091954,1.0,0.5942760942760943,0.0,PH157010003,0
0.0032467532467532,0.0032467532467532,0.0032467532467532,0.0,0.0046296296296296,0.8863636363636364,1.0,0.0113636363636363,0.0170454545454545,0.0,0.0,0.0,0.9346590909090908,0.002840909090909,0.0,0.0056818181818181,0.0,0.436241610738255,1.0,1.5350877192982457,0.0,PH157010013,0
0.9541284403669724,0.0275229357798165,0.0,0.0030581039755351,0.0208333333333333,0.7981651376146789,0.9861111111111112,0.0588235294117647,0.0098039215686274,0.0,0.0019607843137254,0.0607843137254901,0.8098039215686275,0.0274509803921568,0.0,0.0156862745098039,0.0,0.0,1.0,0.9105263157894737,0.0,PH157011007,0
