osm_id,PSGC_BRGY_LIST,PROV_LIST
210935215,"{'PH150707010', 'PH150710006', 'PH150708005', 'PH150707005', 'PH150707021', 'PH150707033', 'PH150710005', 'PH150710011', 'PH150707016', 'PH150707025', 'PH150707034'}",{'BASILAN'}
210935219,"{'PH150702018', 'PH150707028', 'PH150706016', 'PH150708001', 'PH150705048', 'PH150702066', 'PH150702067', 'PH150702054', 'PH150706038', 'PH150706011', 'PH150707033', 'PH150702063', 'PH150707025', 'PH150702020', 'PH150702064', 'PH150706012', 'PH150706002', 'PH150702057', 'PH150702039', 'PH150706019', 'PH150711004', 'PH150702002', 'PH150702062', 'PH150707041'}",{'BASILAN'}
301620414,"{'PH150702025', 'PH150702065', 'PH150702066', 'PH150702067', 'PH150702069', 'PH150708003'}",{'BASILAN'}
103130612,"{'PH150705030', 'PH150706016', 'PH150705045', 'PH150711010', 'PH150705048', 'PH150711012', 'PH150711008', 'PH150705013'}",{'BASILAN'}
301619117,{'PH150706016'},{'BASILAN'}
301619118,{'PH150706016'},{'BASILAN'}
301620411,"{'PH150706016', 'PH150706017'}",{'BASILAN'}
540118516,{'PH150711008'},{'BASILAN'}
540118534,{'PH150706017'},{'BASILAN'}
540118540,{'PH150706016'},{'BASILAN'}
540118541,"{'PH150706016', 'PH150705048'}",{'BASILAN'}
95782413,set(),set()
97658127,set(),set()
128158177,set(),set()
128160076,set(),set()
128160077,set(),set()
129197770,set(),set()
129202423,set(),set()
129206122,set(),set()
129206123,set(),set()
129216034,set(),set()
129216705,set(),set()
129218505,set(),set()
130428219,set(),set()
130874010,set(),set()
130874023,set(),set()
133122938,set(),set()
133125779,set(),set()
133125784,set(),set()
133128015,set(),set()
173296975,set(),set()
173297566,set(),set()
173449317,"{'PH153822006', 'PH153810013'}",{'MAGUINDANAO'}
337121794,set(),set()
338253462,set(),set()
338253464,set(),set()
338253472,set(),set()
431114140,set(),set()
431114142,set(),set()
431114144,set(),set()
637076725,set(),set()
149306683,{'PH153801035'},{'MAGUINDANAO'}
149306686,"{'PH153808046', 'PH153835003', 'PH153808012'}",{'MAGUINDANAO'}
149306690,{'PH153801035'},{'MAGUINDANAO'}
149306692,"{'PH153801035', 'PH153835003'}",{'MAGUINDANAO'}
156147254,{'PH153801012'},{'MAGUINDANAO'}
156148339,set(),set()
156150602,"{'PH153828009', 'PH153828006'}",{'MAGUINDANAO'}
156150607,{'PH153828006'},{'MAGUINDANAO'}
156150608,"{'PH153828006', 'PH153801012'}",{'MAGUINDANAO'}
156151612,{'PH153801015'},{'MAGUINDANAO'}
156154614,{'PH153801011'},{'MAGUINDANAO'}
156154629,"{'PH153801011', 'PH153801035', 'PH153801004', 'PH153801014'}",{'MAGUINDANAO'}
156178362,"{'PH153808046', 'PH153837010', 'PH153820011', 'PH153820010', 'PH153808039'}",{'MAGUINDANAO'}
156189177,{'PH153820011'},{'MAGUINDANAO'}
173012506,{'PH153808046'},{'MAGUINDANAO'}
251432430,"{'PH153835007', 'PH153827006', 'PH153808037'}",{'MAGUINDANAO'}
251432605,"{'PH153808002', 'PH153827006', 'PH153808037'}",{'MAGUINDANAO'}
251432618,"{'PH153835004', 'PH153808034', 'PH153835009'}",{'MAGUINDANAO'}
251432619,"{'PH153835004', 'PH153835009'}",{'MAGUINDANAO'}
251433104,"{'PH153808046', 'PH153808037', 'PH153827004', 'PH153808034', 'PH153827006', 'PH153808047'}",{'MAGUINDANAO'}
251433105,{'PH153808046'},{'MAGUINDANAO'}
251433106,{'PH153808046'},{'MAGUINDANAO'}
251433107,{'PH153808046'},{'MAGUINDANAO'}
251433108,{'PH153808046'},{'MAGUINDANAO'}
278272475,{'PH153808046'},{'MAGUINDANAO'}
324465001,{'PH153801012'},{'MAGUINDANAO'}
324465005,"{'PH153828009', 'PH153801012'}",{'MAGUINDANAO'}
324465049,{'PH153828001'},{'MAGUINDANAO'}
324465085,"{'PH153801015', 'PH153828001'}",{'MAGUINDANAO'}
324465151,"{'PH153801011', 'PH153828003', 'PH153801018', 'PH153828001'}",{'MAGUINDANAO'}
326316178,"{'PH153801015', 'PH153801035', 'PH153801022'}",{'MAGUINDANAO'}
326339634,"{'PH153808046', 'PH153808034', 'PH153808047', 'PH153808002'}",{'MAGUINDANAO'}
335136150,"{'PH153808047', 'PH153808002'}",{'MAGUINDANAO'}
335878548,{'PH153801015'},{'MAGUINDANAO'}
335878549,"{'PH153801015', 'PH153828009'}",{'MAGUINDANAO'}
335878550,{'PH153801015'},{'MAGUINDANAO'}
335897179,"{'PH153808046', 'PH153835009'}",{'MAGUINDANAO'}
339696561,{'PH153808011'},{'MAGUINDANAO'}
339704096,{'PH153835009'},{'MAGUINDANAO'}
339704097,"{'PH153808046', 'PH153835009'}",{'MAGUINDANAO'}
340085403,{'PH153801035'},{'MAGUINDANAO'}
361114877,{'PH153801011'},{'MAGUINDANAO'}
274204201,"{'PH153603015', 'PH153603032', 'PH153613033', 'PH153614019', 'PH153601006', 'PH153601002', 'PH153603026', 'PH153629010', 'PH153614034', 'PH153603055', 'PH153603011', 'PH153614011'}",{'LANAO DEL SUR'}
558361963,"{'PH153613017', 'PH153613032', 'PH153613013'}",{'LANAO DEL SUR'}
558361969,"{'PH153613027', 'PH153613040', 'PH153613015', 'PH153613024', 'PH153613021', 'PH153613013', 'PH153613001', 'PH153613044'}",{'LANAO DEL SUR'}
95773174,"{'PH153639011', 'PH153639005', 'PH153639007', 'PH153639013', 'PH153639015', 'PH153639003', 'PH153639010', 'PH153639004'}",{'LANAO DEL SUR'}
97820975,"{'PH153602014', 'PH153602002', 'PH153602039', 'PH153602043', 'PH153602029', 'PH153602007'}",{'LANAO DEL SUR'}
166235725,"{'PH153615044', 'PH153602054', 'PH153602016', 'PH153615028', 'PH153602003', 'PH153615038', 'PH153615072', 'PH153615022', 'PH153602032', 'PH153615003', 'PH153615023', 'PH153615020', 'PH153602010', 'PH153615018', 'PH153602053', 'PH153602007'}",{'LANAO DEL SUR'}
326313734,"{'PH153602007', 'PH153602043', 'PH153602008', 'PH153639014', 'PH153809001', 'PH153639004'}","{'LANAO DEL SUR', 'MAGUINDANAO'}"
135411287,"{'PH153621037', 'PH153603035', 'PH153603043', 'PH153603022', 'PH153621011', 'PH153621003', 'PH153621007'}",{'LANAO DEL SUR'}
135493625,"{'PH153629038', 'PH153629014'}",{'LANAO DEL SUR'}
135493626,"{'PH153629038', 'PH153629010', 'PH153629014'}",{'LANAO DEL SUR'}
135512648,"{'PH153621037', 'PH153621034', 'PH153621038', 'PH153621035', 'PH153621025'}",{'LANAO DEL SUR'}
88790300,set(),set()
88790480,set(),set()
135407126,"{'PH153625027', 'PH153625020', 'PH153625006', 'PH153625009', 'PH153625028', 'PH153625033', 'PH153625018'}",{'LANAO DEL SUR'}
135409430,"{'PH153625006', 'PH153625010', 'PH153625005'}",{'LANAO DEL SUR'}
135409431,"{'PH153625019', 'PH153625005', 'PH153625026'}",{'LANAO DEL SUR'}
135514278,{'PH153625008'},{'LANAO DEL SUR'}
135514281,"{'PH153625030', 'PH153625004', 'PH153625008'}",{'LANAO DEL SUR'}
135514571,set(),set()
135518590,set(),set()
135518596,set(),set()
135518603,set(),set()
135518605,set(),set()
135518621,set(),set()
135518622,set(),set()
135518625,set(),set()
135518627,set(),set()
135519365,set(),set()
135519367,set(),set()
135519613,set(),set()
142225490,set(),set()
142259667,set(),set()
278209428,set(),set()
401263857,"{'PH153625030', 'PH153625004', 'PH153625033', 'PH153625032'}",{'LANAO DEL SUR'}
95775252,"{'PH153811017', 'PH153811025'}",{'MAGUINDANAO'}
95775271,"{'PH153811018', 'PH153818012', 'PH153818005', 'PH153818003'}",{'MAGUINDANAO'}
95775278,"{'PH153818006', 'PH153818013'}",{'MAGUINDANAO'}
169790348,"{'PH153811008', 'PH153811018', 'PH153811025'}",{'MAGUINDANAO'}
212571502,{'PH153802001'},{'MAGUINDANAO'}
212571503,"{'PH153802002', 'PH153802001'}",{'MAGUINDANAO'}
212584991,"{'PH153811018', 'PH153818009'}",{'MAGUINDANAO'}
212584992,{'PH153802005'},{'MAGUINDANAO'}
212584993,"{'PH153818009', 'PH153802002'}",{'MAGUINDANAO'}
212584994,{'PH153802005'},{'MAGUINDANAO'}
308625192,"{'PH153818006', 'PH153802005'}",{'MAGUINDANAO'}
308625247,{'PH153802005'},{'MAGUINDANAO'}
327519820,"{'PH153818014', 'PH153818007', 'PH153818004', 'PH153818006', 'PH153818002', 'PH153811028', 'PH153811020', 'PH153811009'}",{'MAGUINDANAO'}
327519934,"{'PH153811018', 'PH153811030'}",{'MAGUINDANAO'}
642358448,"{'PH153802021', 'PH153802001'}",{'MAGUINDANAO'}
97820937,"{'PH153605020', 'PH153612038', 'PH153604020', 'PH153605033', 'PH153612028', 'PH153605022', 'PH153612017', 'PH153636036', 'PH153612001', 'PH153605025', 'PH153604030', 'PH153604014', 'PH153605006', 'PH153604025', 'PH153604044', 'PH153636008', 'PH153604053', 'PH153636035', 'PH153636025', 'PH153636026', 'PH153604055', 'PH153605015', 'PH153636010'}",{'LANAO DEL SUR'}
97820958,"{'PH153641009', 'PH153612021', 'PH153612017', 'PH153612050', 'PH153612018', 'PH153612001', 'PH153612011', 'PH153612033'}",{'LANAO DEL SUR'}
97820967,"{'PH153604034', 'PH153604037', 'PH153604019', 'PH153604054', 'PH153604032'}",{'LANAO DEL SUR'}
102476974,"{'PH153604034', 'PH153604037', 'PH153604054', 'PH153604003', 'PH153604033', 'PH153604044'}",{'LANAO DEL SUR'}
97820930,"{'PH153605033', 'PH153620011', 'PH153620005'}",{'LANAO DEL SUR'}
68757084,"{'PH157002017', 'PH157002007', 'PH157002042', 'PH157002013', 'PH157002018', 'PH157002014', 'PH157002009'}",{'TAWI-TAWI'}
68757085,"{'PH157002030', 'PH157002023'}",{'TAWI-TAWI'}
89533939,"{'PH157002026', 'PH157002023'}",{'TAWI-TAWI'}
89533943,{'PH157002030'},{'TAWI-TAWI'}
89533948,"{'PH157002027', 'PH157002047', 'PH157002033', 'PH157002049', 'PH157002026'}",{'TAWI-TAWI'}
89533965,"{'PH157002047', 'PH157002045', 'PH157002023'}",{'TAWI-TAWI'}
89533969,{'PH157002042'},{'TAWI-TAWI'}
89533973,{'PH157002030'},{'TAWI-TAWI'}
89533974,{'PH157002030'},{'TAWI-TAWI'}
353347190,"{'PH157001016', 'PH157001017', 'PH157002019', 'PH157002005', 'PH157002012', 'PH157001002'}",{'TAWI-TAWI'}
425537709,"{'PH157002042', 'PH157002030'}",{'TAWI-TAWI'}
425537710,{'PH157002042'},{'TAWI-TAWI'}
425538299,{'PH157002026'},{'TAWI-TAWI'}
425538300,"{'PH157002033', 'PH157002026'}",{'TAWI-TAWI'}
425538420,{'PH157002026'},{'TAWI-TAWI'}
425538872,{'PH157002026'},{'TAWI-TAWI'}
497138486,{'PH157001002'},{'TAWI-TAWI'}
497138489,{'PH157002017'},{'TAWI-TAWI'}
497138490,{'PH157002017'},{'TAWI-TAWI'}
500178475,"{'PH157001007', 'PH157001001', 'PH157001013'}",{'TAWI-TAWI'}
500178476,"{'PH157001013', 'PH157001002'}",{'TAWI-TAWI'}
500178477,"{'PH157001015', 'PH157001013', 'PH157001002'}",{'TAWI-TAWI'}
500178479,"{'PH157001017', 'PH157001015', 'PH157001002'}",{'TAWI-TAWI'}
500178480,{'PH157001017'},{'TAWI-TAWI'}
500178481,{'PH157001017'},{'TAWI-TAWI'}
556466522,{'PH157001002'},{'TAWI-TAWI'}
556617773,"{'PH157002031', 'PH157001017'}",{'TAWI-TAWI'}
556619630,{'PH157001013'},{'TAWI-TAWI'}
557024414,"{'PH157002037', 'PH157002006', 'PH157001015'}",{'TAWI-TAWI'}
557185454,{'PH157002037'},{'TAWI-TAWI'}
557185462,{'PH157002037'},{'TAWI-TAWI'}
557185484,{'PH157002037'},{'TAWI-TAWI'}
557185487,{'PH157002037'},{'TAWI-TAWI'}
557188561,{'PH157001015'},{'TAWI-TAWI'}
557192780,{'PH157001002'},{'TAWI-TAWI'}
557195301,"{'PH157001017', 'PH157001002'}",{'TAWI-TAWI'}
557195302,"{'PH157001017', 'PH157001002'}",{'TAWI-TAWI'}
557212981,"{'PH157001016', 'PH157001017', 'PH157002005'}",{'TAWI-TAWI'}
557228611,"{'PH157002031', 'PH157002015', 'PH157002034'}",{'TAWI-TAWI'}
557228616,"{'PH157002019', 'PH157002012'}",{'TAWI-TAWI'}
557228617,{'PH157002019'},{'TAWI-TAWI'}
557228618,{'PH157002012'},{'TAWI-TAWI'}
557287528,"{'PH157002031', 'PH157002037'}",{'TAWI-TAWI'}
99989261,"{'PH153606048', 'PH153624001', 'PH153624027', 'PH153624024', 'PH153624032', 'PH153624078', 'PH153624092', 'PH153624055', 'PH153606059', 'PH153624070'}",{'LANAO DEL SUR'}
99989361,"{'PH153606030', 'PH153606007', 'PH153606038', 'PH153606027', 'PH153606006', 'PH153606012', 'PH153606014', 'PH153606041', 'PH153606033', 'PH153606003', 'PH153606051'}",{'LANAO DEL SUR'}
142862287,"{'PH153624048', 'PH153624001', 'PH153624009', 'PH153624033', 'PH153624079', 'PH153624006', 'PH153624042', 'PH153624077', 'PH153624086'}",{'LANAO DEL SUR'}
194239206,"{'PH153606005', 'PH153606014', 'PH153606011', 'PH153606004'}",{'LANAO DEL SUR'}
194239214,"{'PH153606053', 'PH153606012', 'PH153606039', 'PH153606058', 'PH153606028', 'PH153606052'}",{'LANAO DEL SUR'}
229972256,"{'PH153606007', 'PH153606059'}",{'LANAO DEL SUR'}
229972258,"{'PH153606031', 'PH153606007', 'PH153617076', 'PH153617105', 'PH153606027', 'PH153624006', 'PH153617099', 'PH153617077', 'PH153624058', 'PH153624094', 'PH153624045'}",{'LANAO DEL SUR'}
308625241,"{'PH153619014', 'PH153619026', 'PH153619024', 'PH153619010', 'PH153624093', 'PH153627061', 'PH153633013', 'PH153619005', 'PH153633026', 'PH153633030', 'PH153619027', 'PH153619019', 'PH153619016', 'PH153619022', 'PH153624082', 'PH153626049', 'PH153626008', 'PH153633019', 'PH153606059', 'PH153624038', 'PH153619013', 'PH153624016', 'PH153627038', 'PH153624091', 'PH153619015', 'PH153633011', 'PH153619034', 'PH153619011', 'PH153619002', 'PH153624081', 'PH153633020', 'PH153627063'}",{'LANAO DEL SUR'}
557385425,"{'PH153624012', 'PH153624042', 'PH153624057'}",{'LANAO DEL SUR'}
126978691,"{'PH153619037', 'PH153634048', 'PH153619024'}",{'LANAO DEL SUR'}
166434411,"{'PH153619026', 'PH153619022', 'PH153619024', 'PH153619033', 'PH153619018', 'PH153619039', 'PH153619015', 'PH153619007', 'PH153619019'}",{'LANAO DEL SUR'}
166434415,"{'PH153619008', 'PH153619013', 'PH153619030'}",{'LANAO DEL SUR'}
194242044,"{'PH153619008', 'PH153619027', 'PH153619011'}",{'LANAO DEL SUR'}
284620215,{'PH153638006'},{'LANAO DEL SUR'}
363063630,"{'PH153634008', 'PH153634020'}",{'LANAO DEL SUR'}
363063634,{'PH153634045'},{'LANAO DEL SUR'}
468233466,"{'PH153638005', 'PH153638030', 'PH153638015', 'PH153638012', 'PH153638017'}",{'LANAO DEL SUR'}
468233468,"{'PH153610033', 'PH153610009', 'PH153610008', 'PH153610017', 'PH153610012', 'PH153610003', 'PH153610007', 'PH153638017'}",{'LANAO DEL SUR'}
555876771,{'PH153619027'},{'LANAO DEL SUR'}
555876772,"{'PH153619013', 'PH153619030', 'PH153619038'}",{'LANAO DEL SUR'}
95775254,"{'PH153802021', 'PH153802011', 'PH153802005', 'PH153802009'}",{'MAGUINDANAO'}
95775255,"{'PH153802021', 'PH153802005', 'PH153802017'}",{'MAGUINDANAO'}
95777423,{'PH153802009'},{'MAGUINDANAO'}
95777426,{'PH153802009'},{'MAGUINDANAO'}
95777443,{'PH153802009'},{'MAGUINDANAO'}
95777450,{'PH153802009'},{'MAGUINDANAO'}
95777458,"{'PH153802002', 'PH153802009'}",{'MAGUINDANAO'}
95777476,"{'PH153802020', 'PH153802009'}",{'MAGUINDANAO'}
95780366,set(),set()
129215562,set(),set()
173290220,{'PH153812029'},{'MAGUINDANAO'}
212571507,"{'PH153802017', 'PH153802007'}",{'MAGUINDANAO'}
642214107,{'PH153802021'},{'MAGUINDANAO'}
644886903,set(),set()
644886909,set(),set()
120492980,"{'PH153823005', 'PH153803040', 'PH153823007', 'PH153823002', 'PH153833006', 'PH153803039', 'PH153833007', 'PH153823003', 'PH153833008', 'PH153833003'}",{'MAGUINDANAO'}
130507137,set(),set()
130835161,"{'PH153803054', 'PH153803008', 'PH153832001'}",{'MAGUINDANAO'}
131594923,{'PH153803008'},{'MAGUINDANAO'}
136250883,{'PH153803039'},{'MAGUINDANAO'}
156896794,{'PH153803039'},{'MAGUINDANAO'}
156896795,{'PH153803039'},{'MAGUINDANAO'}
172526501,"{'PH153803054', 'PH153803039', 'PH153833002', 'PH153803008', 'PH153832001'}",{'MAGUINDANAO'}
185931357,"{'PH153803030', 'PH153803040', 'PH153803039'}",{'MAGUINDANAO'}
142862288,"{'PH153637005', 'PH153637001'}",{'LANAO DEL SUR'}
142862290,"{'PH153637005', 'PH153637016', 'PH153637008', 'PH153637021', 'PH153637006'}",{'LANAO DEL SUR'}
338242095,"{'PH153630042', 'PH153630035', 'PH153630026', 'PH153630036'}",{'LANAO DEL SUR'}
418262418,{'PH153630035'},{'LANAO DEL SUR'}
418262421,{'PH153630035'},{'LANAO DEL SUR'}
418262424,{'PH153630035'},{'LANAO DEL SUR'}
418422319,"{'PH153630035', 'PH153630036'}",{'LANAO DEL SUR'}
418422320,{'PH153630036'},{'LANAO DEL SUR'}
418422322,{'PH153630035'},{'LANAO DEL SUR'}
418422328,{'PH153630003'},{'LANAO DEL SUR'}
418422330,{'PH153630036'},{'LANAO DEL SUR'}
418924699,{'PH153637021'},{'LANAO DEL SUR'}
418924710,{'PH153637021'},{'LANAO DEL SUR'}
418924712,{'PH153637021'},{'LANAO DEL SUR'}
418924728,"{'PH153630022', 'PH153637021'}",{'LANAO DEL SUR'}
579463448,{'PH153637005'},{'LANAO DEL SUR'}
88790279,"{'PH153618018', 'PH153618008', 'PH153618035'}",{'LANAO DEL SUR'}
102679652,"{'PH153607019', 'PH153636018', 'PH153636035', 'PH153607060', 'PH153607044'}",{'LANAO DEL SUR'}
166434420,"{'PH153618041', 'PH153618035', 'PH153636035', 'PH153636030', 'PH153607051', 'PH153636005'}",{'LANAO DEL SUR'}
194244641,"{'PH153607044', 'PH153607052'}",{'LANAO DEL SUR'}
194244650,{'PH153607044'},{'LANAO DEL SUR'}
194244654,"{'PH153607052', 'PH153607012'}",{'LANAO DEL SUR'}
308625172,{'PH153607044'},{'LANAO DEL SUR'}
308625227,{'PH153607044'},{'LANAO DEL SUR'}
497650032,"{'PH153607044', 'PH153607012'}",{'LANAO DEL SUR'}
497650034,{'PH153607044'},{'LANAO DEL SUR'}
497958039,{'PH153607044'},{'LANAO DEL SUR'}
497958040,{'PH153607044'},{'LANAO DEL SUR'}
497958084,{'PH153607044'},{'LANAO DEL SUR'}
637412613,"{'PH153636022', 'PH153636019', 'PH153607056', 'PH153612011', 'PH153607041', 'PH153607063', 'PH153636007'}",{'LANAO DEL SUR'}
166235745,"{'PH153632052', 'PH153632043', 'PH153632056', 'PH153632004', 'PH153632008', 'PH153632054', 'PH153632048', 'PH153623030', 'PH153615059', 'PH153632038', 'PH153632055', 'PH153615078', 'PH153632041', 'PH153632019', 'PH153632050', 'PH153615075'}",{'LANAO DEL SUR'}
169790349,"{'PH153623035', 'PH153623022', 'PH153623030', 'PH153609001', 'PH153623036', 'PH153623006'}",{'LANAO DEL SUR'}
251285104,"{'PH153632043', 'PH153632004'}",{'LANAO DEL SUR'}
146154624,set(),set()
160707677,set(),set()
166210216,set(),set()
338253463,set(),set()
338372697,set(),set()
381690714,set(),set()
505843423,set(),set()
505843426,set(),set()
614210339,set(),set()
614210349,set(),set()
614217615,set(),set()
614217616,set(),set()
614217617,set(),set()
614217618,set(),set()
614217993,set(),set()
614218947,set(),set()
614218948,set(),set()
614218949,set(),set()
614218950,set(),set()
614347762,set(),set()
614357421,set(),set()
614357422,set(),set()
614408978,set(),set()
614419433,set(),set()
614419435,set(),set()
614419437,set(),set()
614703968,set(),set()
614703975,set(),set()
614703981,{'PH153822006'},{'MAGUINDANAO'}
103102511,set(),set()
103102512,set(),set()
103102513,set(),set()
103102514,set(),set()
103102515,set(),set()
103102516,set(),set()
103102517,set(),set()
103102518,set(),set()
103102519,set(),set()
103102520,set(),set()
103102522,set(),set()
103102523,set(),set()
103104503,{'PH150702045'},{'BASILAN'}
103104508,set(),set()
103104517,set(),set()
103104518,set(),set()
103104520,{'PH150702045'},{'BASILAN'}
103104521,set(),set()
103104526,set(),set()
103104529,set(),set()
103104531,set(),set()
103104532,"{'PH150702037', 'PH150702045', 'PH150702005'}",{'BASILAN'}
103104542,set(),set()
103104552,set(),set()
103130605,set(),set()
133155812,"{'PH150702045', 'PH150702060'}",{'BASILAN'}
133155830,{'PH150702060'},{'BASILAN'}
158001899,"{'PH150702049', 'PH150702005', 'PH150702055', 'PH150702047', 'PH150702059'}",{'BASILAN'}
158001907,set(),set()
158001921,set(),set()
158001924,set(),set()
158001925,set(),set()
158001927,"{'PH150702055', 'PH150702059'}",{'BASILAN'}
158001938,set(),set()
158001939,set(),set()
158001941,{'PH150702055'},{'BASILAN'}
158001958,set(),set()
158001971,set(),set()
238205233,set(),set()
287717644,{'PH150702005'},{'BASILAN'}
287717645,{'PH150702005'},{'BASILAN'}
301621524,set(),set()
301621531,{'PH150703034'},{'BASILAN'}
301621533,"{'PH150702045', 'PH150702060'}",{'BASILAN'}
301621537,"{'PH150703011', 'PH150703034'}",{'BASILAN'}
301621539,"{'PH150703011', 'PH150703034'}",{'BASILAN'}
301621542,set(),set()
158001902,{'PH150702049'},{'BASILAN'}
210935222,{'PH150702065'},{'BASILAN'}
210935230,{'PH150702065'},{'BASILAN'}
210935236,{'PH150702068'},{'BASILAN'}
210935237,"{'PH150707033', 'PH150707040', 'PH150702057'}",{'BASILAN'}
210935253,{'PH150702068'},{'BASILAN'}
210935257,"{'PH150702068', 'PH150702007', 'PH150702004', 'PH150702016'}",{'BASILAN'}
210935264,{'PH150702068'},{'BASILAN'}
210935270,{'PH150702068'},{'BASILAN'}
210935277,"{'PH150702068', 'PH150702066'}",{'BASILAN'}
210935298,"{'PH150702068', 'PH150702065'}",{'BASILAN'}
210935305,"{'PH150702068', 'PH150702028', 'PH150702061', 'PH150702011', 'PH150702050'}",{'BASILAN'}
210935312,"{'PH150702068', 'PH150702016'}",{'BASILAN'}
276666890,"{'PH150702037', 'PH150702050'}",{'BASILAN'}
301620415,"{'PH150702065', 'PH150702066'}",{'BASILAN'}
4302971,"{'PH153812024', 'PH153812042'}",{'MAGUINDANAO'}
22772480,set(),set()
32806711,{'PH153812042'},{'MAGUINDANAO'}
32806748,set(),set()
32806760,set(),set()
32806767,set(),set()
32806769,set(),set()
32806796,"{'PH153812038', 'PH153812023', 'PH153812010'}",{'MAGUINDANAO'}
32806811,set(),set()
32806820,"{'PH153807002', 'PH153807015', 'PH153807007', 'PH153807035', 'PH153807024', 'PH153807031', 'PH153807032', 'PH153807010', 'PH153807033'}",{'MAGUINDANAO'}
40421143,{'PH153807002'},{'MAGUINDANAO'}
59805356,set(),set()
67588368,set(),set()
67588456,{'PH153812042'},{'MAGUINDANAO'}
67588457,{'PH153812042'},{'MAGUINDANAO'}
67588458,set(),set()
67588460,set(),set()
67588469,set(),set()
88670250,{'PH153812042'},{'MAGUINDANAO'}
88670287,set(),set()
88670317,set(),set()
88670344,set(),set()
88670378,set(),set()
88670402,set(),set()
88670502,"{'PH153812052', 'PH153812035', 'PH153812037', 'PH153812003', 'PH153812038', 'PH153812042', 'PH153812051', 'PH153812024', 'PH153812040'}",{'MAGUINDANAO'}
88670561,set(),set()
88670670,set(),set()
88670686,set(),set()
88670706,set(),set()
88670712,set(),set()
88670804,set(),set()
88670838,"{'PH153812020', 'PH153812009'}",{'MAGUINDANAO'}
88670919,set(),set()
88670927,set(),set()
88670998,set(),set()
88671055,set(),set()
88671169,set(),set()
88671182,set(),set()
88671231,set(),set()
88671260,"{'PH153814019', 'PH153814028'}",{'MAGUINDANAO'}
88671298,set(),set()
88671331,"{'PH153814001', 'PH153814019', 'PH153814017', 'PH153814006', 'PH153814003', 'PH153814018'}",{'MAGUINDANAO'}
88671349,set(),set()
88671386,set(),set()
88671409,set(),set()
88671415,set(),set()
88671429,set(),set()
88671438,set(),set()
88671469,"{'PH153807002', 'PH153807021'}",{'MAGUINDANAO'}
88671490,set(),set()
88671493,{'PH153812042'},{'MAGUINDANAO'}
88671499,set(),set()
88671518,set(),set()
88776580,{'PH153807002'},{'MAGUINDANAO'}
88776598,{'PH153807002'},{'MAGUINDANAO'}
88776599,{'PH153807002'},{'MAGUINDANAO'}
88776601,set(),set()
91892914,"{'PH153807002', 'PH153807014'}",{'MAGUINDANAO'}
95777428,"{'PH153812041', 'PH153812010', 'PH153812014', 'PH153812012', 'PH153812027'}",{'MAGUINDANAO'}
118610281,set(),set()
118610283,set(),set()
118632074,set(),set()
118632087,set(),set()
118632097,set(),set()
118632116,set(),set()
118667288,set(),set()
118667290,set(),set()
118668733,"{'PH153814019', 'PH153814028'}",{'MAGUINDANAO'}
118668735,set(),set()
118670718,set(),set()
118670719,{'PH153807032'},{'MAGUINDANAO'}
118671452,"{'PH153812006', 'PH153812042', 'PH153812009'}",{'MAGUINDANAO'}
118671454,{'PH153812009'},{'MAGUINDANAO'}
118671456,"{'PH153812030', 'PH153812020', 'PH153812004', 'PH153812009'}",{'MAGUINDANAO'}
118716359,{'PH153807002'},{'MAGUINDANAO'}
128184271,{'PH153812014'},{'MAGUINDANAO'}
128186984,set(),set()
128186986,set(),set()
128198451,set(),set()
128198452,set(),set()
128201783,set(),set()
128203377,set(),set()
128203379,set(),set()
128203717,set(),set()
128279478,set(),set()
128283754,set(),set()
128283757,set(),set()
128285167,set(),set()
128289649,set(),set()
128289651,set(),set()
128290508,set(),set()
128290510,set(),set()
128295123,set(),set()
128999603,set(),set()
129071105,set(),set()
129071921,set(),set()
129071922,set(),set()
129071961,set(),set()
129116222,{'PH153807028'},{'MAGUINDANAO'}
129116230,{'PH153807028'},{'MAGUINDANAO'}
129116508,"{'PH153807002', 'PH153807028'}",{'MAGUINDANAO'}
129117621,"{'PH153812006', 'PH153812042'}",{'MAGUINDANAO'}
129117622,"{'PH153812006', 'PH153812042'}",{'MAGUINDANAO'}
129117623,{'PH153812006'},{'MAGUINDANAO'}
129117639,{'PH153812042'},{'MAGUINDANAO'}
129117640,{'PH153812042'},{'MAGUINDANAO'}
129194922,"{'PH153812020', 'PH153812009'}",{'MAGUINDANAO'}
129194935,"{'PH153812020', 'PH153812009'}",{'MAGUINDANAO'}
129195054,set(),set()
129213058,{'PH153807010'},{'MAGUINDANAO'}
130871443,"{'PH153807035', 'PH153814028'}",{'MAGUINDANAO'}
130871444,{'PH153807035'},{'MAGUINDANAO'}
160554183,set(),set()
172999897,{'PH153807002'},{'MAGUINDANAO'}
173011071,set(),set()
177247333,set(),set()
211437691,set(),set()
211437692,set(),set()
251424676,{'PH153807026'},{'MAGUINDANAO'}
251480971,set(),set()
261093594,"{'PH153812024', 'PH153812014'}",{'MAGUINDANAO'}
261095843,set(),set()
261096030,set(),set()
335701487,"{'PH153807002', 'PH153807010'}",{'MAGUINDANAO'}
335701489,{'PH153807002'},{'MAGUINDANAO'}
335701490,{'PH153807002'},{'MAGUINDANAO'}
335701491,{'PH153807014'},{'MAGUINDANAO'}
335714336,set(),set()
337152301,set(),set()
337152302,set(),set()
337152303,set(),set()
337152793,set(),set()
337153342,set(),set()
337153343,set(),set()
337153344,set(),set()
337782952,{'PH153807002'},{'MAGUINDANAO'}
337795550,set(),set()
337795561,"{'PH153807003', 'PH153807014', 'PH153807022', 'PH153807026'}",{'MAGUINDANAO'}
337795567,set(),set()
337795575,set(),set()
337795586,set(),set()
400976306,{'PH153807014'},{'MAGUINDANAO'}
400976307,"{'PH153807032', 'PH153807014', 'PH153807028'}",{'MAGUINDANAO'}
648178099,"{'PH153812040', 'PH153812041', 'PH153812012'}",{'MAGUINDANAO'}
155925746,{'PH153828001'},{'MAGUINDANAO'}
155925777,{'PH153828001'},{'MAGUINDANAO'}
155925782,{'PH153828001'},{'MAGUINDANAO'}
156189185,{'PH153820011'},{'MAGUINDANAO'}
156197612,"{'PH153820011', 'PH153837002', 'PH153808040'}",{'MAGUINDANAO'}
156643279,{'PH153828005'},{'MAGUINDANAO'}
251431137,"{'PH153826013', 'PH153826009', 'PH153808002', 'PH153827006', 'PH153827002', 'PH153827005'}",{'MAGUINDANAO'}
324465055,"{'PH153828010', 'PH153828008', 'PH153828001'}",{'MAGUINDANAO'}
324465120,{'PH153828007'},{'MAGUINDANAO'}
325121277,"{'PH153820018', 'PH153820010'}",{'MAGUINDANAO'}
326303326,"{'PH153829006', 'PH153813003', 'PH153813013'}",{'MAGUINDANAO'}
326328230,{'PH153820010'},{'MAGUINDANAO'}
326328233,"{'PH153820010', 'PH153820017'}",{'MAGUINDANAO'}
326331196,{'PH153820011'},{'MAGUINDANAO'}
326339635,"{'PH153808023', 'PH153808002', 'PH153826008', 'PH153837012', 'PH153827002', 'PH153837013', 'PH153827005'}",{'MAGUINDANAO'}
338425632,"{'PH153829006', 'PH153829004'}",{'MAGUINDANAO'}
338425633,"{'PH153829010', 'PH153829004'}",{'MAGUINDANAO'}
32806821,"{'PH153816036', 'PH153816032'}",{'MAGUINDANAO'}
130869838,"{'PH153816028', 'PH153816032', 'PH153831005', 'PH153816013', 'PH153816019', 'PH153831007', 'PH153816036'}",{'MAGUINDANAO'}
326316179,{'PH153807013'},{'MAGUINDANAO'}
335121306,"{'PH153816036', 'PH153831004', 'PH153831001', 'PH153816033'}",{'MAGUINDANAO'}
335121307,"{'PH153807023', 'PH153807013'}",{'MAGUINDANAO'}
335137585,"{'PH153831002', 'PH153807013'}",{'MAGUINDANAO'}
335137586,{'PH153807013'},{'MAGUINDANAO'}
335287396,{'PH153807013'},{'MAGUINDANAO'}
335287397,{'PH153807013'},{'MAGUINDANAO'}
335287398,{'PH153807023'},{'MAGUINDANAO'}
335287399,"{'PH153807009', 'PH153807023', 'PH153807019', 'PH153807035', 'PH153807005'}",{'MAGUINDANAO'}
335518673,"{'PH153821004', 'PH153821012', 'PH153821006'}",{'MAGUINDANAO'}
335530830,"{'PH153831002', 'PH153831003', 'PH153831004', 'PH153831001'}",{'MAGUINDANAO'}
339858288,"{'PH153831004', 'PH153831001'}",{'MAGUINDANAO'}
339858289,"{'PH153831001', 'PH153821006'}",{'MAGUINDANAO'}
172916310,"{'PH153815005', 'PH153815006', 'PH153815042'}",{'MAGUINDANAO'}
172920314,{'PH153815006'},{'MAGUINDANAO'}
172923778,"{'PH153815005', 'PH153815010'}",{'MAGUINDANAO'}
504328288,{'PH153815030'},{'MAGUINDANAO'}
504682880,"{'PH153830002', 'PH153830010'}",{'MAGUINDANAO'}
648001028,"{'PH153815031', 'PH153830013'}",{'MAGUINDANAO'}
648001029,"{'PH153815031', 'PH153815014', 'PH153815010', 'PH153815017', 'PH153830013'}",{'MAGUINDANAO'}
59799608,"{'PH153815013', 'PH153815012', 'PH153807021'}",{'MAGUINDANAO'}
88671391,set(),set()
147221098,"{'PH153817007', 'PH153815009'}",{'MAGUINDANAO'}
147223540,"{'PH153815022', 'PH153815012'}",{'MAGUINDANAO'}
150283999,{'PH153815009'},{'MAGUINDANAO'}
251424675,{'PH153807026'},{'MAGUINDANAO'}
337782945,"{'PH153815023', 'PH153815002', 'PH153815009'}",{'MAGUINDANAO'}
337795551,"{'PH153807003', 'PH153807020'}",{'MAGUINDANAO'}
337795552,{'PH153807020'},{'MAGUINDANAO'}
337795553,{'PH153807034'},{'MAGUINDANAO'}
337795576,"{'PH153807020', 'PH153807034'}",{'MAGUINDANAO'}
337795577,{'PH153807020'},{'MAGUINDANAO'}
337795582,{'PH153807034'},{'MAGUINDANAO'}
504214284,{'PH153815008'},{'MAGUINDANAO'}
504214287,"{'PH153815025', 'PH153815004'}",{'MAGUINDANAO'}
504214290,{'PH153815025'},{'MAGUINDANAO'}
504214291,{'PH153815025'},{'MAGUINDANAO'}
504214296,"{'PH153815025', 'PH153815008'}",{'MAGUINDANAO'}
504214316,"{'PH153815025', 'PH153815004'}",{'MAGUINDANAO'}
504214317,{'PH153815004'},{'MAGUINDANAO'}
504214318,"{'PH153815025', 'PH153815004'}",{'MAGUINDANAO'}
504214319,{'PH153815025'},{'MAGUINDANAO'}
504214320,{'PH153815025'},{'MAGUINDANAO'}
504214322,{'PH153815025'},{'MAGUINDANAO'}
504214323,{'PH153815025'},{'MAGUINDANAO'}
504214324,{'PH153815025'},{'MAGUINDANAO'}
504214325,"{'PH153815025', 'PH153815022'}",{'MAGUINDANAO'}
504214326,{'PH153815025'},{'MAGUINDANAO'}
504221212,"{'PH153815030', 'PH153815008'}",{'MAGUINDANAO'}
504328290,{'PH153815030'},{'MAGUINDANAO'}
504328291,{'PH153815030'},{'MAGUINDANAO'}
504328294,{'PH153815010'},{'MAGUINDANAO'}
504328295,"{'PH153815030', 'PH153815010'}",{'MAGUINDANAO'}
504355788,"{'PH153815012', 'PH153815042'}",{'MAGUINDANAO'}
504355791,"{'PH153815005', 'PH153815012', 'PH153815042'}",{'MAGUINDANAO'}
504355792,{'PH153815022'},{'MAGUINDANAO'}
504387448,"{'PH153815025', 'PH153815002'}",{'MAGUINDANAO'}
504387451,{'PH153815002'},{'MAGUINDANAO'}
504387456,"{'PH153815004', 'PH153815002'}",{'MAGUINDANAO'}
648001006,{'PH153815009'},{'MAGUINDANAO'}
130503865,"{'PH153805008', 'PH153805026', 'PH153805004'}",{'MAGUINDANAO'}
156749655,{'PH153805013'},{'MAGUINDANAO'}
156949694,{'PH153805013'},{'MAGUINDANAO'}
166246507,"{'PH153805025', 'PH153805008'}",{'MAGUINDANAO'}
166246512,{'PH153805025'},{'MAGUINDANAO'}
166246513,"{'PH153805025', 'PH153805003'}",{'MAGUINDANAO'}
166246514,{'PH153805025'},{'MAGUINDANAO'}
166246515,{'PH153805025'},{'MAGUINDANAO'}
172526503,"{'PH153805026', 'PH153833002'}",{'MAGUINDANAO'}
288095730,"{'PH153805003', 'PH153805026', 'PH153805022', 'PH153805016'}",{'MAGUINDANAO'}
650089148,{'PH153805013'},{'MAGUINDANAO'}
650089154,"{'PH153805008', 'PH153805027', 'PH153805013'}",{'MAGUINDANAO'}
650089155,"{'PH153805025', 'PH153805008'}",{'MAGUINDANAO'}
650089156,"{'PH153805003', 'PH153805022'}",{'MAGUINDANAO'}
650089157,"{'PH153805025', 'PH153805022', 'PH153805019', 'PH153805016'}",{'MAGUINDANAO'}
88776607,{'PH153806039'},{'MAGUINDANAO'}
118672544,"{'PH153814012', 'PH153806008', 'PH153806010', 'PH153806021', 'PH153806001', 'PH153806025', 'PH153806030', 'PH153806039', 'PH153806029', 'PH153806005', 'PH153806002', 'PH153806034', 'PH153806015', 'PH153806006'}",{'MAGUINDANAO'}
128160078,{'PH153806039'},{'MAGUINDANAO'}
212213200,"{'PH153806008', 'PH153806039', 'PH153836013', 'PH153836004', 'PH153836011'}",{'MAGUINDANAO'}
22952784,"{'PH153826002', 'PH153836016', 'PH153837011', 'PH153826010', 'PH153836013', 'PH153826008'}",{'MAGUINDANAO'}
88776588,{'PH153836013'},{'MAGUINDANAO'}
166241364,"{'PH153826002', 'PH153837016', 'PH153837012', 'PH153837014', 'PH153808040'}",{'MAGUINDANAO'}
212213197,{'PH153836013'},{'MAGUINDANAO'}
326334948,{'PH153836013'},{'MAGUINDANAO'}
338437174,"{'PH153837011', 'PH153820002', 'PH153836013', 'PH153837016', 'PH153837009', 'PH153820007'}",{'MAGUINDANAO'}
338440580,"{'PH153825004', 'PH153826008', 'PH153826009'}",{'MAGUINDANAO'}
32806819,{'PH153826013'},{'MAGUINDANAO'}
118714543,"{'PH153816032', 'PH153825011'}",{'MAGUINDANAO'}
251426380,"{'PH153826013', 'PH153826007', 'PH153825002'}",{'MAGUINDANAO'}
251429394,{'PH153826013'},{'MAGUINDANAO'}
251429395,{'PH153826013'},{'MAGUINDANAO'}
251429396,{'PH153826013'},{'MAGUINDANAO'}
251429397,{'PH153826013'},{'MAGUINDANAO'}
251430929,{'PH153826008'},{'MAGUINDANAO'}
335521109,"{'PH153826013', 'PH153827004'}",{'MAGUINDANAO'}
335521110,"{'PH153826013', 'PH153826007'}",{'MAGUINDANAO'}
335811390,"{'PH153825007', 'PH153825002'}",{'MAGUINDANAO'}
335811391,"{'PH153825007', 'PH153825011'}",{'MAGUINDANAO'}
338440579,"{'PH153826013', 'PH153826008'}",{'MAGUINDANAO'}
338440581,{'PH153826008'},{'MAGUINDANAO'}
338440582,{'PH153826008'},{'MAGUINDANAO'}
339674332,{'PH153825011'},{'MAGUINDANAO'}
169790350,"{'PH153609016', 'PH153609006', 'PH153620042', 'PH153609032', 'PH153623036', 'PH153609002', 'PH153609015', 'PH153620005'}",{'LANAO DEL SUR'}
274204194,"{'PH153614023', 'PH153614008', 'PH153614018', 'PH153614007', 'PH153614027', 'PH153614010', 'PH153614006', 'PH153614014'}",{'LANAO DEL SUR'}
274204196,{'PH153614019'},{'LANAO DEL SUR'}
274204197,"{'PH153609018', 'PH153623014', 'PH153609017', 'PH153609030', 'PH153623033', 'PH153623024', 'PH153623036', 'PH153609011'}",{'LANAO DEL SUR'}
274204200,"{'PH153614008', 'PH153614019', 'PH153609051', 'PH153609053', 'PH153609018'}",{'LANAO DEL SUR'}
32684893,"{'PH156609030', 'PH156609033', 'PH156609039', 'PH156609038', 'PH156609025', 'PH156609001', 'PH156609035'}",{'SULU'}
32684894,"{'PH156605011', 'PH156601022', 'PH156605015', 'PH156601007', 'PH156605012', 'PH156601026'}",{'SULU'}
32684896,"{'PH156609040', 'PH156601024', 'PH156601026', 'PH156601021', 'PH156601027', 'PH156609043', 'PH156601014', 'PH156609035', 'PH156601025'}",{'SULU'}
32684897,"{'PH156602002', 'PH156601004', 'PH156601011'}",{'SULU'}
32684899,"{'PH156613030', 'PH156611006', 'PH156611014', 'PH156613016', 'PH156602010', 'PH156611007', 'PH156613004', 'PH156613035', 'PH156613018', 'PH156602007'}",{'SULU'}
32684900,"{'PH156605006', 'PH156601001', 'PH156601012', 'PH156601031', 'PH156605026'}",{'SULU'}
89534900,{'PH156602010'},{'SULU'}
89534902,"{'PH156605025', 'PH156605004', 'PH156605001', 'PH156601001', 'PH156601012', 'PH156605023', 'PH156605017', 'PH156605021', 'PH156601031'}",{'SULU'}
89534911,{'PH156602010'},{'SULU'}
89534913,"{'PH156602010', 'PH156602002', 'PH156602007'}",{'SULU'}
89534914,"{'PH156613058', 'PH156605022', 'PH156613024'}",{'SULU'}
89534915,"{'PH156605006', 'PH156613043', 'PH156613025', 'PH156613053', 'PH156613010', 'PH156613047', 'PH156613003', 'PH156613004', 'PH156613037', 'PH156613040', 'PH156613027', 'PH156613059', 'PH156613045'}",{'SULU'}
91889950,{'PH156602007'},{'SULU'}
91889951,"{'PH156602010', 'PH156602007'}",{'SULU'}
91889956,"{'PH156611001', 'PH156602002', 'PH156602007'}",{'SULU'}
118708310,{'PH156602010'},{'SULU'}
180254974,"{'PH156605022', 'PH156605023'}",{'SULU'}
223002493,{'PH156611014'},{'SULU'}
223002498,{'PH156611014'},{'SULU'}
308326342,{'PH156602007'},{'SULU'}
316665688,{'PH156611014'},{'SULU'}
316665703,{'PH156611014'},{'SULU'}
316665705,{'PH156611014'},{'SULU'}
316665707,{'PH156611014'},{'SULU'}
316665708,{'PH156611014'},{'SULU'}
316772488,{'PH156611014'},{'SULU'}
316772506,{'PH156611014'},{'SULU'}
316788773,{'PH156611014'},{'SULU'}
316788796,{'PH156611014'},{'SULU'}
316788802,"{'PH156611014', 'PH156602007'}",{'SULU'}
316788803,"{'PH156602003', 'PH156602010', 'PH156602004', 'PH156602001', 'PH156602009'}",{'SULU'}
316788812,"{'PH156601006', 'PH156601019', 'PH156602001', 'PH156601011', 'PH156601030', 'PH156601026', 'PH156601031'}",{'SULU'}
316788813,"{'PH156602010', 'PH156602002', 'PH156602009'}",{'SULU'}
316940058,"{'PH156602008', 'PH156602009'}",{'SULU'}
316940062,{'PH156602010'},{'SULU'}
316940064,{'PH156602009'},{'SULU'}
316940076,"{'PH156602010', 'PH156602002', 'PH156602007'}",{'SULU'}
316940078,"{'PH156602010', 'PH156602007'}",{'SULU'}
316943954,{'PH156602009'},{'SULU'}
375951726,{'PH156602002'},{'SULU'}
376091858,{'PH156602001'},{'SULU'}
376092189,{'PH156602002'},{'SULU'}
376092190,{'PH156602002'},{'SULU'}
376092994,"{'PH156602002', 'PH156602009'}",{'SULU'}
376092995,"{'PH156602002', 'PH156602001', 'PH156602009'}",{'SULU'}
376095559,{'PH156602002'},{'SULU'}
376095776,{'PH156602010'},{'SULU'}
376095778,{'PH156602010'},{'SULU'}
376310629,"{'PH156602002', 'PH156602007'}",{'SULU'}
557917821,"{'PH156609045', 'PH156609025'}",{'SULU'}
557917822,"{'PH156609017', 'PH156609045', 'PH156609037', 'PH156609043', 'PH156609005'}",{'SULU'}
557920339,"{'PH156601018', 'PH156601016', 'PH156609012', 'PH156601015', 'PH156601023', 'PH156609038', 'PH156601026', 'PH156609044'}",{'SULU'}
557923985,{'PH156601026'},{'SULU'}
558244239,{'PH156605022'},{'SULU'}
558244240,"{'PH156605011', 'PH156605004', 'PH156609027', 'PH156605020', 'PH156605023', 'PH156605002', 'PH156605015', 'PH156605022', 'PH156605012', 'PH156605003'}",{'SULU'}
32684903,"{'PH156602003', 'PH156602010'}",{'SULU'}
89534899,{'PH156602010'},{'SULU'}
89534901,"{'PH156611017', 'PH156602003'}",{'SULU'}
89534904,"{'PH156602010', 'PH156602007'}",{'SULU'}
89534908,"{'PH156611017', 'PH156611029', 'PH156611024', 'PH156602003'}",{'SULU'}
89534917,"{'PH156611017', 'PH156611029', 'PH156602003'}",{'SULU'}
89534918,{'PH156602003'},{'SULU'}
118708312,{'PH156602010'},{'SULU'}
316665669,"{'PH156602003', 'PH156602007'}",{'SULU'}
316788798,"{'PH156611014', 'PH156602003', 'PH156602007'}",{'SULU'}
316788814,"{'PH156602003', 'PH156602010'}",{'SULU'}
316940053,{'PH156602010'},{'SULU'}
373214572,"{'PH156611014', 'PH156602003', 'PH156611008', 'PH156611018', 'PH156611015', 'PH156611017', 'PH156611022', 'PH156611020', 'PH156611023', 'PH156611011', 'PH156611010', 'PH156611026', 'PH156611012', 'PH156611005', 'PH156611025'}",{'SULU'}
4302985,set(),set()
22772435,set(),set()
22772436,set(),set()
32806696,set(),set()
128102356,set(),set()
128106129,{'PH153822002'},{'MAGUINDANAO'}
128106130,"{'PH153822002', 'PH153822008'}",{'MAGUINDANAO'}
128106131,set(),set()
128106133,{'PH153822002'},{'MAGUINDANAO'}
128106134,"{'PH153822008', 'PH153822011'}",{'MAGUINDANAO'}
128106138,"{'PH153810006', 'PH153810021', 'PH153810015', 'PH153810008'}",{'MAGUINDANAO'}
128106139,{'PH153822011'},{'MAGUINDANAO'}
128106140,set(),set()
128106141,set(),set()
128106142,{'PH153822008'},{'MAGUINDANAO'}
128106143,{'PH153822011'},{'MAGUINDANAO'}
128106144,"{'PH153810015', 'PH153822011'}",{'MAGUINDANAO'}
160310635,set(),set()
160310642,set(),set()
160310649,set(),set()
160374206,set(),set()
160379151,set(),set()
166210210,set(),set()
166210328,set(),set()
170088925,set(),set()
176315822,set(),set()
516493792,"{'PH153810021', 'PH153810009'}",{'MAGUINDANAO'}
593709397,"{'PH153810014', 'PH153810009'}",{'MAGUINDANAO'}
593709398,{'PH153810009'},{'MAGUINDANAO'}
614703956,set(),set()
614703959,set(),set()
656388768,set(),set()
656388769,set(),set()
32684907,"{'PH156607039', 'PH156607034', 'PH156604021', 'PH156607003', 'PH156607008', 'PH156607040', 'PH156604012', 'PH156607038'}",{'SULU'}
32684908,"{'PH156607037', 'PH156604021', 'PH156607028', 'PH156607029', 'PH156604030', 'PH156607005', 'PH156607008', 'PH156604014', 'PH156603010', 'PH156607011', 'PH156607004', 'PH156603017', 'PH156607038'}",{'SULU'}
32684912,"{'PH156604021', 'PH156603018', 'PH156603013', 'PH156603010'}",{'SULU'}
32684913,"{'PH156603013', 'PH156603002', 'PH156607029', 'PH156607028', 'PH156603016'}",{'SULU'}
32684914,{'PH156604021'},{'SULU'}
32684915,"{'PH156604021', 'PH156604008', 'PH156604024'}",{'SULU'}
32684916,"{'PH156604029', 'PH156604021', 'PH156604013', 'PH156604015'}",{'SULU'}
158001951,"{'PH156619008', 'PH156604021', 'PH156604008'}",{'SULU'}
564949618,{'PH156604021'},{'SULU'}
564949619,{'PH156604021'},{'SULU'}
564949621,{'PH156604021'},{'SULU'}
564949623,{'PH156604021'},{'SULU'}
565056110,"{'PH156603017', 'PH156604012'}",{'SULU'}
135516777,set(),set()
135516780,set(),set()
141913263,set(),set()
397424403,"{'PH157007009', 'PH157007010', 'PH157007043', 'PH157007051', 'PH157007030', 'PH157007044', 'PH157007033', 'PH157007045', 'PH157007041'}",{'TAWI-TAWI'}
397424412,{'PH157007041'},{'TAWI-TAWI'}
397424415,"{'PH157007041', 'PH157007031', 'PH157007042'}",{'TAWI-TAWI'}
446720424,{'PH157009004'},{'TAWI-TAWI'}
469087373,"{'PH157009004', 'PH157009021', 'PH157009005'}",{'TAWI-TAWI'}
469087374,{'PH157009005'},{'TAWI-TAWI'}
469087375,{'PH157009005'},{'TAWI-TAWI'}
469087376,{'PH157009005'},{'TAWI-TAWI'}
469087377,{'PH157009005'},{'TAWI-TAWI'}
500178474,"{'PH157009004', 'PH157009021'}",{'TAWI-TAWI'}
301621519,"{'PH150704002', 'PH150703025', 'PH150703033', 'PH150704016', 'PH150703024'}",{'BASILAN'}
301621535,"{'PH150703034', 'PH150703033'}",{'BASILAN'}
301621538,{'PH150703033'},{'BASILAN'}
99989235,"{'PH153627035', 'PH153634009', 'PH153627051', 'PH153627038', 'PH153627003', 'PH153627037', 'PH153634003', 'PH153627007', 'PH153634057', 'PH153634004'}",{'LANAO DEL SUR'}
99989252,"{'PH153627043', 'PH153627063', 'PH153627006', 'PH153627012', 'PH153627019', 'PH153627011', 'PH153627069', 'PH153627047'}",{'LANAO DEL SUR'}
101517946,{'PH153626058'},{'LANAO DEL SUR'}
108851234,"{'PH153618004', 'PH153618002', 'PH153618005', 'PH153618047', 'PH153618082', 'PH153618053'}",{'LANAO DEL SUR'}
108851236,"{'PH153618053', 'PH153618045', 'PH153618091'}",{'LANAO DEL SUR'}
126978664,"{'PH153611082', 'PH153622011', 'PH153611058', 'PH153611020', 'PH153622024', 'PH153622020', 'PH153611021', 'PH153611044', 'PH153611091'}",{'LANAO DEL SUR'}
166434405,"{'PH153626042', 'PH153626009', 'PH153626049', 'PH153627016', 'PH153626043', 'PH153626001'}",{'LANAO DEL SUR'}
194244505,"{'PH153634055', 'PH153634033', 'PH153634048', 'PH153634004'}",{'LANAO DEL SUR'}
194244510,"{'PH153634052', 'PH153634004'}",{'LANAO DEL SUR'}
194244520,"{'PH153626078', 'PH153626032', 'PH153626012', 'PH153626011', 'PH153626079', 'PH153626013'}",{'LANAO DEL SUR'}
194244527,"{'PH153626034', 'PH153626058'}",{'LANAO DEL SUR'}
194244544,"{'PH153626038', 'PH153626058', 'PH153626040', 'PH153626016', 'PH153626021'}",{'LANAO DEL SUR'}
194244582,{'PH153626058'},{'LANAO DEL SUR'}
194244589,{'PH153626058'},{'LANAO DEL SUR'}
194244640,"{'PH153626065', 'PH153626054', 'PH153626064', 'PH153626009'}",{'LANAO DEL SUR'}
194244657,"{'PH153611085', 'PH153611097', 'PH153611079', 'PH153611003', 'PH153611004', 'PH153611035', 'PH153611055'}",{'LANAO DEL SUR'}
273455109,{'PH153637010'},{'LANAO DEL SUR'}
276164728,"{'PH153637012', 'PH153637001'}",{'LANAO DEL SUR'}
276164730,"{'PH153637005', 'PH153637014', 'PH153637010', 'PH153637001'}",{'LANAO DEL SUR'}
308625146,"{'PH153622013', 'PH153622041', 'PH153622007', 'PH153622006', 'PH153622004', 'PH153622020', 'PH153618045', 'PH153618018', 'PH153622008'}",{'LANAO DEL SUR'}
308625151,{'PH153622020'},{'LANAO DEL SUR'}
308625156,{'PH153618018'},{'LANAO DEL SUR'}
308625159,{'PH153634052'},{'LANAO DEL SUR'}
308625160,"{'PH153626008', 'PH153626034'}",{'LANAO DEL SUR'}
308625170,{'PH153611055'},{'LANAO DEL SUR'}
308625235,"{'PH153611040', 'PH153611094', 'PH153611077', 'PH153611052', 'PH153611019', 'PH153611011', 'PH153611078', 'PH153611031', 'PH153611055'}",{'LANAO DEL SUR'}
308625246,"{'PH153626046', 'PH153626050', 'PH153626007', 'PH153626004', 'PH153626027', 'PH153626032', 'PH153626058', 'PH153626062', 'PH153622020'}",{'LANAO DEL SUR'}
338253602,"{'PH153637012', 'PH153637018'}",{'LANAO DEL SUR'}
555892697,"{'PH153626038', 'PH153626047', 'PH153626039'}",{'LANAO DEL SUR'}
579463449,{'PH153637005'},{'LANAO DEL SUR'}
637376857,"{'PH153626041', 'PH153626020', 'PH153626012', 'PH153626080', 'PH153626067', 'PH153626022', 'PH153626011', 'PH153626030', 'PH153626024'}",{'LANAO DEL SUR'}
97820915,"{'PH153640001', 'PH153640004', 'PH153612011'}",{'LANAO DEL SUR'}
288733740,{'PH153612017'},{'LANAO DEL SUR'}
158001917,"{'PH156619002', 'PH156619008', 'PH156619001'}",{'SULU'}
373949643,"{'PH156604004', 'PH156604024'}",{'SULU'}
374159960,"{'PH156619004', 'PH156619008', 'PH156619001'}",{'SULU'}
376397839,"{'PH156604007', 'PH156604012'}",{'SULU'}
376398492,"{'PH156604007', 'PH156604004'}",{'SULU'}
376484500,{'PH156604004'},{'SULU'}
564722699,"{'PH156604007', 'PH156607019', 'PH156604004'}",{'SULU'}
239555332,{'PH153614027'},{'LANAO DEL SUR'}
194242036,"{'PH153634048', 'PH153634008'}",{'LANAO DEL SUR'}
194242048,"{'PH153634008', 'PH153634020'}",{'LANAO DEL SUR'}
194242053,"{'PH153634008', 'PH153634020'}",{'LANAO DEL SUR'}
363059433,"{'PH153634008', 'PH153634020'}",{'LANAO DEL SUR'}
363063631,"{'PH153634020', 'PH153634045'}",{'LANAO DEL SUR'}
363063635,{'PH153634045'},{'LANAO DEL SUR'}
363063636,{'PH153634045'},{'LANAO DEL SUR'}
363063637,{'PH153634045'},{'LANAO DEL SUR'}
363063638,{'PH153634045'},{'LANAO DEL SUR'}
418924713,{'PH153634008'},{'LANAO DEL SUR'}
418924729,{'PH153634008'},{'LANAO DEL SUR'}
558237530,{'PH156605022'},{'SULU'}
160695365,{'PH153615021'},{'LANAO DEL SUR'}
160695369,"{'PH153615018', 'PH153615021'}",{'LANAO DEL SUR'}
160695370,"{'PH153615022', 'PH153615053'}",{'LANAO DEL SUR'}
160695374,"{'PH153615044', 'PH153615072', 'PH153615053', 'PH153615047', 'PH153615022', 'PH153615020', 'PH153615080', 'PH153615021'}",{'LANAO DEL SUR'}
166234545,"{'PH153615049', 'PH153615004', 'PH153635004'}",{'LANAO DEL SUR'}
166235732,"{'PH153615028', 'PH153615075'}",{'LANAO DEL SUR'}
166235744,{'PH153615075'},{'LANAO DEL SUR'}
166235909,"{'PH153615038', 'PH153615063'}",{'LANAO DEL SUR'}
261084660,{'PH153615004'},{'LANAO DEL SUR'}
261084661,"{'PH153615004', 'PH153615075', 'PH153615017'}",{'LANAO DEL SUR'}
103104524,"{'PH150704013', 'PH150704019', 'PH150704018', 'PH150704015'}",{'BASILAN'}
103104544,"{'PH150705002', 'PH150704008', 'PH150705007'}",{'BASILAN'}
301621518,"{'PH150704013', 'PH150704016'}",{'BASILAN'}
301621522,"{'PH150704008', 'PH150704001', 'PH150704003'}",{'BASILAN'}
301621523,"{'PH150704013', 'PH150704012', 'PH150704009'}",{'BASILAN'}
301621525,{'PH150704013'},{'BASILAN'}
301621529,"{'PH150704001', 'PH150704018', 'PH150704015'}",{'BASILAN'}
212213193,{'PH153820017'},{'MAGUINDANAO'}
212213195,{'PH153820016'},{'MAGUINDANAO'}
212213255,"{'PH153820016', 'PH153820017'}",{'MAGUINDANAO'}
212213256,"{'PH153820016', 'PH153829010'}",{'MAGUINDANAO'}
338437173,{'PH153837009'},{'MAGUINDANAO'}
338438521,"{'PH153820014', 'PH153820017', 'PH153837009', 'PH153820018'}",{'MAGUINDANAO'}
130506386,{'PH153803030'},{'MAGUINDANAO'}
283933937,"{'PH157003003', 'PH157003013', 'PH157003006', 'PH157003001', 'PH157003010', 'PH157003012', 'PH157003008'}",{'TAWI-TAWI'}
283933939,"{'PH157003016', 'PH157003012'}",{'TAWI-TAWI'}
283933940,"{'PH157003006', 'PH157003004'}",{'TAWI-TAWI'}
283933941,{'PH157003016'},{'TAWI-TAWI'}
495128357,"{'PH157003015', 'PH157003016', 'PH157003006'}",{'TAWI-TAWI'}
498967462,"{'PH157003015', 'PH157003014', 'PH157003006', 'PH157003005'}",{'TAWI-TAWI'}
506151005,"{'PH157003002', 'PH157003016'}",{'TAWI-TAWI'}
528917950,{'PH157003002'},{'TAWI-TAWI'}
88790020,"{'PH153621037', 'PH153625025', 'PH153621006', 'PH153621013', 'PH153625001', 'PH153625002', 'PH153621001', 'PH153621010', 'PH153625007', 'PH153625037', 'PH153621040', 'PH153625023', 'PH153621007'}",{'LANAO DEL SUR'}
135410006,{'PH153621038'},{'LANAO DEL SUR'}
281480699,"{'PH153621021', 'PH153621038'}",{'LANAO DEL SUR'}
558361893,{'PH153621021'},{'LANAO DEL SUR'}
558361894,"{'PH153621021', 'PH153621037', 'PH153621012', 'PH153621031', 'PH153621030'}",{'LANAO DEL SUR'}
22810868,{'PH153617076'},{'LANAO DEL SUR'}
88790241,"{'PH153617010', 'PH153617026', 'PH153617066'}",{'LANAO DEL SUR'}
91894823,"{'PH153625030', 'PH153625004', 'PH153625013', 'PH153625036'}",{'LANAO DEL SUR'}
91894838,{'PH153617083'},{'LANAO DEL SUR'}
102308664,set(),set()
102308856,"{'PH153617013', 'PH153625033', 'PH153617072', 'PH153617021', 'PH153625037', 'PH153617075', 'PH153617044'}",{'LANAO DEL SUR'}
102309048,"{'PH153617111', 'PH153617008'}",{'LANAO DEL SUR'}
102309195,{'PH153617008'},{'LANAO DEL SUR'}
102309203,"{'PH153617111', 'PH153617022'}",{'LANAO DEL SUR'}
102476964,{'PH153617109'},{'LANAO DEL SUR'}
102477010,"{'PH153617072', 'PH153617083'}",{'LANAO DEL SUR'}
102679651,{'PH153617111'},{'LANAO DEL SUR'}
103755406,{'PH153617117'},{'LANAO DEL SUR'}
103755409,"{'PH153617077', 'PH153617076'}",{'LANAO DEL SUR'}
135513534,"{'PH153625030', 'PH153625036'}",{'LANAO DEL SUR'}
135513535,"{'PH153625030', 'PH153625036'}",{'LANAO DEL SUR'}
135513536,{'PH153625036'},{'LANAO DEL SUR'}
229394208,{'PH153617076'},{'LANAO DEL SUR'}
229629427,{'PH153617083'},{'LANAO DEL SUR'}
335845660,"{'PH153617109', 'PH153617022'}",{'LANAO DEL SUR'}
401263856,set(),set()
445422418,{'PH153617022'},{'LANAO DEL SUR'}
445422419,{'PH153617109'},{'LANAO DEL SUR'}
501683824,{'PH153617083'},{'LANAO DEL SUR'}
501683825,"{'PH153617111', 'PH153617090'}",{'LANAO DEL SUR'}
547707693,"{'PH153617141', 'PH153617083'}",{'LANAO DEL SUR'}
124968475,"{'PH153809001', 'PH153809009', 'PH153809003', 'PH153809008'}",{'MAGUINDANAO'}
124968489,"{'PH153811015', 'PH153811017', 'PH153811016', 'PH153811026', 'PH153809003', 'PH153811019', 'PH153811020', 'PH153811028', 'PH153809004'}",{'MAGUINDANAO'}
4302989,set(),set()
22772459,set(),set()
22772465,set(),set()
88776578,set(),set()
88776581,set(),set()
88776583,set(),set()
88776584,set(),set()
88776585,set(),set()
88776595,set(),set()
88776596,set(),set()
88776597,set(),set()
88776600,set(),set()
95780372,set(),set()
95780391,set(),set()
95780399,set(),set()
95780404,set(),set()
95780409,set(),set()
95780423,set(),set()
95782384,set(),set()
95782387,set(),set()
95782389,set(),set()
95782390,set(),set()
95782392,set(),set()
95782393,set(),set()
95782394,set(),set()
95782401,{'PH153834009'},{'MAGUINDANAO'}
95782403,set(),set()
95782412,set(),set()
95782416,set(),set()
95782417,set(),set()
95782420,set(),set()
95782421,set(),set()
95782423,set(),set()
95782426,set(),set()
95783511,set(),set()
95783513,set(),set()
95783514,set(),set()
95783523,set(),set()
95783526,set(),set()
95783527,set(),set()
95783529,set(),set()
97658132,set(),set()
97658139,set(),set()
97658141,set(),set()
97658147,set(),set()
97658152,set(),set()
97658162,set(),set()
97658169,set(),set()
128181024,set(),set()
128181025,set(),set()
129202041,set(),set()
129202049,set(),set()
133117781,set(),set()
166552341,set(),set()
337121791,set(),set()
337130068,{'PH153834003'},{'MAGUINDANAO'}
339023214,set(),set()
339023219,set(),set()
353967239,set(),set()
637076771,set(),set()
637076774,set(),set()
648350230,set(),set()
507851716,set(),set()
95778932,"{'PH153812052', 'PH153812003', 'PH153812036', 'PH153812023'}",{'MAGUINDANAO'}
129194103,{'PH153812035'},{'MAGUINDANAO'}
247624840,set(),set()
166227275,set(),set()
314483332,"{'PH153635024', 'PH153635007', 'PH153635028'}",{'LANAO DEL SUR'}
314483334,{'PH153635028'},{'LANAO DEL SUR'}
314483335,{'PH153635028'},{'LANAO DEL SUR'}
314483336,{'PH153635037'},{'LANAO DEL SUR'}
314483337,{'PH153635028'},{'LANAO DEL SUR'}
314483338,{'PH153635028'},{'LANAO DEL SUR'}
314483339,"{'PH153635037', 'PH153635028'}",{'LANAO DEL SUR'}
314483340,{'PH153635028'},{'LANAO DEL SUR'}
508449398,set(),set()
508449399,set(),set()
508449400,set(),set()
508449404,set(),set()
508449405,set(),set()
508453221,set(),set()
508453223,set(),set()
509993364,set(),set()
511584166,set(),set()
579968537,set(),set()
32684904,"{'PH156611027', 'PH156611020', 'PH156616008', 'PH156616004', 'PH156607015'}",{'SULU'}
32684905,"{'PH156613037', 'PH156613026', 'PH156616004'}",{'SULU'}
32684906,"{'PH156616003', 'PH156607034', 'PH156607027', 'PH156616008', 'PH156616006', 'PH156607008', 'PH156616004', 'PH156607013'}",{'SULU'}
373898258,"{'PH156607015', 'PH156607036'}",{'SULU'}
373903615,"{'PH156616006', 'PH156616007'}",{'SULU'}
373903616,"{'PH156607033', 'PH156607034', 'PH156607016'}",{'SULU'}
373947692,{'PH156607016'},{'SULU'}
374128896,"{'PH156607033', 'PH156607034', 'PH156607006'}",{'SULU'}
374133669,"{'PH156613002', 'PH156616004'}",{'SULU'}
558769105,"{'PH156616007', 'PH156616010'}",{'SULU'}
565046881,{'PH156607034'},{'SULU'}
565265439,"{'PH156607015', 'PH156607036'}",{'SULU'}
565306975,"{'PH156607015', 'PH156616004'}",{'SULU'}
374159962,"{'PH156619004', 'PH156619006'}",{'SULU'}
374163699,{'PH156619002'},{'SULU'}
128109375,{'PH153810021'},{'MAGUINDANAO'}
326313729,{'PH153810021'},{'MAGUINDANAO'}
516493770,"{'PH153810006', 'PH153810021'}",{'MAGUINDANAO'}
88776591,set(),set()
96159709,set(),set()
96159712,set(),set()
96159714,set(),set()
96159717,set(),set()
96159726,set(),set()
96159731,set(),set()
96165582,set(),set()
96165585,set(),set()
96165588,set(),set()
96165591,set(),set()
96322486,set(),set()
96322500,set(),set()
128109367,set(),set()
130426158,set(),set()
130426162,set(),set()
130426872,set(),set()
130427315,set(),set()
133135089,set(),set()
276164261,set(),set()
276164262,set(),set()
276164263,set(),set()
430662722,set(),set()
430662724,set(),set()
430662727,set(),set()
431114139,set(),set()
609505205,set(),set()
130526993,{'PH153823007'},{'MAGUINDANAO'}
556998933,"{'PH157001001', 'PH157001003'}",{'TAWI-TAWI'}
556998935,{'PH157001001'},{'TAWI-TAWI'}
22772523,"{'PH153824002', 'PH153824011', 'PH153824010'}",{'MAGUINDANAO'}
95775277,{'PH153811017'},{'MAGUINDANAO'}
157811880,{'PH153811012'},{'MAGUINDANAO'}
157811881,"{'PH153811012', 'PH153811021'}",{'MAGUINDANAO'}
157811883,{'PH153811012'},{'MAGUINDANAO'}
157811885,{'PH153811012'},{'MAGUINDANAO'}
157865763,{'PH153811012'},{'MAGUINDANAO'}
157865776,{'PH153811012'},{'MAGUINDANAO'}
157974550,{'PH153811012'},{'MAGUINDANAO'}
157975056,{'PH153811017'},{'MAGUINDANAO'}
157975061,{'PH153811017'},{'MAGUINDANAO'}
158958127,"{'PH153811023', 'PH153811033'}",{'MAGUINDANAO'}
158958294,"{'PH153811027', 'PH153811013', 'PH153811014'}",{'MAGUINDANAO'}
158958343,{'PH153811013'},{'MAGUINDANAO'}
158958405,"{'PH153811023', 'PH153811014', 'PH153811033'}",{'MAGUINDANAO'}
164927752,"{'PH153811028', 'PH153811020', 'PH153811015'}",{'MAGUINDANAO'}
164927754,{'PH153811015'},{'MAGUINDANAO'}
164927755,{'PH153811015'},{'MAGUINDANAO'}
169790346,{'PH153811017'},{'MAGUINDANAO'}
251286978,{'PH153811017'},{'MAGUINDANAO'}
251311990,{'PH153811017'},{'MAGUINDANAO'}
251312563,{'PH153811012'},{'MAGUINDANAO'}
251313291,"{'PH153824002', 'PH153824010'}",{'MAGUINDANAO'}
251313337,"{'PH153824011', 'PH153824010'}",{'MAGUINDANAO'}
251313647,"{'PH153824006', 'PH153811010', 'PH153824001'}",{'MAGUINDANAO'}
261089115,"{'PH153811012', 'PH153824002', 'PH153824006', 'PH153824011', 'PH153824010'}",{'MAGUINDANAO'}
261120389,{'PH153811017'},{'MAGUINDANAO'}
261120390,{'PH153811012'},{'MAGUINDANAO'}
278229199,{'PH153811012'},{'MAGUINDANAO'}
278229201,{'PH153811012'},{'MAGUINDANAO'}
278229202,{'PH153811012'},{'MAGUINDANAO'}
278229203,"{'PH153811012', 'PH153811010', 'PH153811017'}",{'MAGUINDANAO'}
278229204,{'PH153811012'},{'MAGUINDANAO'}
327519796,"{'PH153811026', 'PH153811034', 'PH153811031', 'PH153811016'}",{'MAGUINDANAO'}
327519841,{'PH153811012'},{'MAGUINDANAO'}
327519958,"{'PH153824002', 'PH153824008', 'PH153824010'}",{'MAGUINDANAO'}
337135776,set(),set()
337137902,{'PH153811021'},{'MAGUINDANAO'}
337137904,"{'PH153824002', 'PH153824013', 'PH153824011', 'PH153824004', 'PH153824005', 'PH153824010'}",{'MAGUINDANAO'}
337137908,"{'PH153824006', 'PH153824009'}",{'MAGUINDANAO'}
370166744,{'PH153824002'},{'MAGUINDANAO'}
390211753,{'PH153811010'},{'MAGUINDANAO'}
390211754,"{'PH153811010', 'PH153811017', 'PH153811029'}",{'MAGUINDANAO'}
390211755,"{'PH153811010', 'PH153811029'}",{'MAGUINDANAO'}
618971904,{'PH153811012'},{'MAGUINDANAO'}
655530615,{'PH153811012'},{'MAGUINDANAO'}
32684895,"{'PH156609021', 'PH156609029', 'PH156609027', 'PH156609032', 'PH156609013', 'PH156609035', 'PH156609023'}",{'SULU'}
373901150,{'PH156609038'},{'SULU'}
373901152,"{'PH156609024', 'PH156609038'}",{'SULU'}
373901154,"{'PH156609001', 'PH156609024', 'PH156609025'}",{'SULU'}
373901156,"{'PH156609004', 'PH156609024', 'PH156609002'}",{'SULU'}
373967082,{'PH156609035'},{'SULU'}
557848979,"{'PH156609028', 'PH156609035'}",{'SULU'}
557848983,"{'PH156609042', 'PH156609016'}",{'SULU'}
557856788,{'PH156609035'},{'SULU'}
557856789,{'PH156609035'},{'SULU'}
557856790,{'PH156609004'},{'SULU'}
557899129,{'PH156609035'},{'SULU'}
557917820,{'PH156609038'},{'SULU'}
557923984,{'PH156609035'},{'SULU'}
89534912,{'PH156602003'},{'SULU'}
89534916,"{'PH156611017', 'PH156602003'}",{'SULU'}
278164260,"{'PH156611023', 'PH156611011'}",{'SULU'}
373214570,"{'PH156611020', 'PH156611004'}",{'SULU'}
373214571,{'PH156611020'},{'SULU'}
541429545,{'PH156611023'},{'SULU'}
566710956,"{'PH156611022', 'PH156611025', 'PH156611021', 'PH156611015'}",{'SULU'}
166227882,{'PH153635024'},{'LANAO DEL SUR'}
166227883,"{'PH153635041', 'PH153635029', 'PH153635050', 'PH153635053', 'PH153635024'}",{'LANAO DEL SUR'}
166227916,"{'PH153635042', 'PH153635043', 'PH153635035'}",{'LANAO DEL SUR'}
166227917,{'PH153635043'},{'LANAO DEL SUR'}
166234546,"{'PH153635004', 'PH153635042'}",{'LANAO DEL SUR'}
314483341,"{'PH153635015', 'PH153635043', 'PH153635009'}",{'LANAO DEL SUR'}
314483342,"{'PH153635016', 'PH153635009'}",{'LANAO DEL SUR'}
314483343,"{'PH153635016', 'PH153635050'}",{'LANAO DEL SUR'}
314483344,{'PH153635016'},{'LANAO DEL SUR'}
95777434,"{'PH153812036', 'PH153812013', 'PH153812023', 'PH153812010'}",{'MAGUINDANAO'}
95778940,set(),set()
95780381,set(),set()
95780417,set(),set()
95780424,set(),set()
128182600,set(),set()
128182602,set(),set()
128183133,set(),set()
128183134,set(),set()
128183135,set(),set()
128183136,set(),set()
128183215,set(),set()
128183216,set(),set()
128183339,set(),set()
128183509,"{'PH153812001', 'PH153812036'}",{'MAGUINDANAO'}
128183510,{'PH153812036'},{'MAGUINDANAO'}
261120400,set(),set()
644886905,set(),set()
644886927,set(),set()
128158176,set(),set()
128158178,set(),set()
128158179,set(),set()
487042884,"{'PH156612073', 'PH156612021', 'PH156612009'}",{'SULU'}
487042886,"{'PH156612032', 'PH156612004', 'PH156612010', 'PH156612012', 'PH156612021', 'PH156612053'}",{'SULU'}
487042887,"{'PH156612073', 'PH156612009'}",{'SULU'}
487042891,{'PH156612073'},{'SULU'}
533928301,"{'PH156612073', 'PH156612037', 'PH156612009'}",{'SULU'}
533928302,"{'PH156612008', 'PH156612037'}",{'SULU'}
533928308,{'PH156612073'},{'SULU'}
533928309,"{'PH156612049', 'PH156612073', 'PH156612069'}",{'SULU'}
533931091,"{'PH156612010', 'PH156612048', 'PH156612001'}",{'SULU'}
287748714,"{'PH157011005', 'PH157011010', 'PH157011002', 'PH157011006'}",{'TAWI-TAWI'}
287748715,"{'PH157011001', 'PH157011014', 'PH157011015', 'PH157011016', 'PH157011008', 'PH157011013', 'PH157011009', 'PH157011012', 'PH157011003', 'PH157011004'}",{'TAWI-TAWI'}
287748723,"{'PH157011008', 'PH157011003', 'PH157011001'}",{'TAWI-TAWI'}
287748726,"{'PH157011003', 'PH157011002'}",{'TAWI-TAWI'}
287748728,"{'PH157011011', 'PH157011006'}",{'TAWI-TAWI'}
287748737,"{'PH157011003', 'PH157011002'}",{'TAWI-TAWI'}
269769821,"{'PH157004007', 'PH157004003', 'PH157004005', 'PH157004010'}",{'TAWI-TAWI'}
147158677,{'PH153817007'},{'MAGUINDANAO'}
185936796,{'PH153817010'},{'MAGUINDANAO'}
337782946,{'PH153817001'},{'MAGUINDANAO'}
497791753,{'PH153817001'},{'MAGUINDANAO'}
503996092,"{'PH153817003', 'PH153817007'}",{'MAGUINDANAO'}
503996100,{'PH153817007'},{'MAGUINDANAO'}
504124564,"{'PH153817001', 'PH153817010'}",{'MAGUINDANAO'}
504124565,{'PH153817001'},{'MAGUINDANAO'}
647976046,{'PH153817007'},{'MAGUINDANAO'}
647976047,"{'PH153817007', 'PH153817010'}",{'MAGUINDANAO'}
4302956,"{'PH153824006', 'PH153812010'}",{'MAGUINDANAO'}
61241481,{'PH153824006'},{'MAGUINDANAO'}
95775261,{'PH153824006'},{'MAGUINDANAO'}
95777456,{'PH153812010'},{'MAGUINDANAO'}
224440947,{'PH153812010'},{'MAGUINDANAO'}
251313645,{'PH153824006'},{'MAGUINDANAO'}
251313646,{'PH153824006'},{'MAGUINDANAO'}
261109958,{'PH153812010'},{'MAGUINDANAO'}
326313730,{'PH153812010'},{'MAGUINDANAO'}
643557988,{'PH153812010'},{'MAGUINDANAO'}
158001891,{'PH150705041'},{'BASILAN'}
158001903,{'PH150705010'},{'BASILAN'}
158001923,"{'PH150705028', 'PH150705001'}",{'BASILAN'}
158001928,"{'PH150705010', 'PH150705031', 'PH150705041'}",{'BASILAN'}
158001937,"{'PH150705019', 'PH150705042'}",{'BASILAN'}
158001950,"{'PH150705031', 'PH150705028', 'PH150705047'}",{'BASILAN'}
301620410,"{'PH150705019', 'PH150705042'}",{'BASILAN'}
301621527,"{'PH150705010', 'PH150705041', 'PH150705019', 'PH150705042'}",{'BASILAN'}
301621528,{'PH150705002'},{'BASILAN'}
301621530,"{'PH150705010', 'PH150705028'}",{'BASILAN'}
301621532,{'PH150705002'},{'BASILAN'}
301621540,"{'PH150705010', 'PH150705041'}",{'BASILAN'}
301621541,"{'PH150705019', 'PH150705002', 'PH150705035', 'PH150705042'}",{'BASILAN'}
301621543,"{'PH150705002', 'PH150705035'}",{'BASILAN'}
301621544,"{'PH150705025', 'PH150705044', 'PH150705028', 'PH150705013'}",{'BASILAN'}
142259673,set(),set()
32684892,"{'PH156613049', 'PH156613037', 'PH156613054', 'PH156613039', 'PH156613015'}",{'SULU'}
255462930,{'PH156613051'},{'SULU'}
255462931,"{'PH156613051', 'PH156613053', 'PH156613058', 'PH156613027', 'PH156613048'}",{'SULU'}
255462932,{'PH156613053'},{'SULU'}
166434419,"{'PH153626067', 'PH153626038', 'PH153626037', 'PH153626039'}",{'LANAO DEL SUR'}
509993326,set(),set()
509993473,set(),set()
509993482,set(),set()
510017621,set(),set()
555885667,"{'PH153627060', 'PH153627036', 'PH153627057', 'PH153627061', 'PH153627029', 'PH153627050', 'PH153627011', 'PH153627022', 'PH153627013'}",{'LANAO DEL SUR'}
273455079,{'PH153630022'},{'LANAO DEL SUR'}
273455134,"{'PH153630022', 'PH153630021'}",{'LANAO DEL SUR'}
281978430,"{'PH153630042', 'PH153630026'}",{'LANAO DEL SUR'}
281978435,{'PH153630035'},{'LANAO DEL SUR'}
281978443,{'PH153630034'},{'LANAO DEL SUR'}
281978447,"{'PH153630035', 'PH153630034'}",{'LANAO DEL SUR'}
281978449,"{'PH153630003', 'PH153630002'}",{'LANAO DEL SUR'}
281978450,{'PH153630036'},{'LANAO DEL SUR'}
281978462,"{'PH153630012', 'PH153630003', 'PH153630026'}",{'LANAO DEL SUR'}
281978472,{'PH153630036'},{'LANAO DEL SUR'}
281978488,"{'PH153630042', 'PH153630012', 'PH153630026', 'PH153630036'}",{'LANAO DEL SUR'}
281978489,{'PH153630035'},{'LANAO DEL SUR'}
281978491,{'PH153630042'},{'LANAO DEL SUR'}
281978517,{'PH153630021'},{'LANAO DEL SUR'}
418262415,{'PH153630042'},{'LANAO DEL SUR'}
418262422,{'PH153630042'},{'LANAO DEL SUR'}
418324068,"{'PH153630036', 'PH153630014'}",{'LANAO DEL SUR'}
540959837,"{'PH153630038', 'PH153630006', 'PH153630002', 'PH153630021', 'PH153630034'}",{'LANAO DEL SUR'}
637104476,{'PH153630012'},{'LANAO DEL SUR'}
